"","bp","genome_feature","SNP_count","consistency_index","CountsACGT","Min.No.ChangesonTree","Protein","Function"
"1",1,"NC",32,0.15,"594:4:15:10",20,"NC","NC"
"2",2,"NC",29,0.157894736842105,"10:12:4:780",19,"NC","NC"
"3",3,"NC",23,0.142857142857143,"0:9:10:952",14,"NC","NC"
"4",4,"NC",32,0.130434782608696,"1035:5:7:18",23,"NC","NC"
"5",5,"NC",15,0.3,"1328:6:2:5",10,"NC","NC"
"6",6,"NC",15,0.333333333333333,"1403:7:2:3",9,"NC","NC"
"7",7,"NC",22,0.2,"10:7:1496:3",15,"NC","NC"
"8",8,"NC",29,0.2,"14:10:1561:3",15,"NC","NC"
"9",9,"NC",18,0.230769230769231,"8:5:2:1637",13,"NC","NC"
"10",10,"NC",18,0.25,"5:9:2:1694",12,"NC","NC"
"11",11,"NC",9,0.375,"4:2:2:1828",8,"NC","NC"
"12",12,"NC",12,0.428571428571429,"1975:3:1:5",7,"NC","NC"
"13",13,"NC",15,0.272727272727273,"6:7:1:2102",11,"NC","NC"
"14",14,"NC",6,0.75,"2182:1:1:2",4,"NC","NC"
"15",15,"NC",10,0.333333333333333,"2:2217:0:4",6,"NC","NC"
"16",16,"NC",11,0.428571428571429,"3:2275:2:5",7,"NC","NC"
"17",17,"NC",5,0.75,"2:1:1:2374",4,"NC","NC"
"18",18,"NC",4,0.666666666666667,"0:2:1:2437",3,"NC","NC"
"19",19,"NC",9,0.428571428571429,"3:2454:1:3",7,"NC","NC"
"20",20,"NC",7,0.75,"1:2479:2:1",4,"NC","NC"
"21",21,"NC",15,0.25,"3:2502:2:9",12,"NC","NC"
"22",22,"NC",9,0.5,"2529:2:2:2",6,"NC","NC"
"23",23,"NC",5,0.5,"2:2:2558:0",4,"NC","NC"
"24",24,"NC",6,0.5,"3:0:2595:1",4,"NC","NC"
"25",25,"NC",6,0.6,"2:1:2:2647",5,"NC","NC"
"26",27,"NC",2,0.5,"2838:0:2:0",2,"NC","NC"
"27",28,"NC",9,0.125,"0:2843:0:9",8,"NC","NC"
"28",30,"NC",6,0.333333333333333,"3000:1:0:5",6,"NC","NC"
"29",31,"NC",31,0.181818181818182,"3324:0:1:30",11,"NC","NC"
"30",32,"NC",2,0.5,"0:3529:0:2",2,"NC","NC"
"31",33,"NC",4,0.5,"2:3578:0:2",4,"NC","NC"
"32",34,"NC",160,0.157894736842105,"3415:17:1:142",19,"NC","NC"
"33",35,"NC",221,0.0454545454545455,"3411:0:0:221",22,"NC","NC"
"34",36,"NC",269,0.08,"1:3411:0:268",25,"NC","NC"
"35",37,"NC",124,0.15,"105:3531:1:18",20,"NC","NC"
"36",38,"NC",3,0.333333333333333,"3872:0:3:0",3,"NC","NC"
"37",39,"NC",6,0.5,"4488:1:1:4",6,"NC","NC"
"38",40,"NC",4,0.5,"0:4603:1:3",4,"NC","NC"
"39",41,"NC",3,0.666666666666667,"0:2:1:4677",3,"NC","NC"
"40",48,"NC",5,0.666666666666667,"4:4833:0:1",3,"NC","NC"
"41",55,"NC",2,0.5,"6235:2:0:0",2,"NC","NC"
"42",61,"NC",4,0.5,"1:0:6360:3",4,"NC","NC"
"43",66,"NC",4,0.5,"0:6444:0:4",2,"NC","NC"
"44",83,"NC",2,0.5,"0:2:0:6528",2,"NC","NC"
"45",84,"NC",4,0.5,"0:6529:1:3",4,"NC","NC"
"46",85,"NC",4,0.5,"0:3:1:6532",4,"NC","NC"
"47",91,"NC",4,0.25,"0:4:6547:0",4,"NC","NC"
"48",96,"NC",2,0.5,"2:6557:0:0",2,"NC","NC"
"49",98,"NC",3,0.333333333333333,"0:6562:0:3",3,"NC","NC"
"50",100,"NC",2,0.5,"2:6571:0:0",2,"NC","NC"
"51",101,"NC",5,0.4,"3:0:6591:2",5,"NC","NC"
"52",102,"NC",3,0.333333333333333,"3:0:6600:0",3,"NC","NC"
"53",105,"NC",7,0.5,"1:0:6599:6",4,"NC","NC"
"54",110,"NC",4,0.5,"0:6615:0:4",2,"NC","NC"
"55",127,"NC",3,0.5,"0:0:6660:3",2,"NC","NC"
"56",150,"NC",10,0.2,"0:10:0:6688",5,"NC","NC"
"57",153,"NC",11,0.166666666666667,"0:0:11:6698",6,"NC","NC"
"58",160,"NC",5,0.666666666666667,"4:0:6708:1",3,"NC","NC"
"59",186,"NC",5,0.666666666666667,"1:6728:0:4",3,"NC","NC"
"60",198,"NC",3,0.666666666666667,"2:0:6737:1",3,"NC","NC"
"61",203,"NC",4,0.5,"0:6727:1:3",4,"NC","NC"
"62",204,"NC",4,0.5,"0:2:6726:2",4,"NC","NC"
"63",210,"NC",8,0.6,"1:1:6728:6",5,"NC","NC"
"64",219,"NC",3,0.333333333333333,"0:0:6729:3",3,"NC","NC"
"65",221,"NC",3,0.666666666666667,"0:2:1:6730",3,"NC","NC"
"66",222,"NC",2,0.5,"0:6728:0:2",2,"NC","NC"
"67",228,"NC",8,0.5,"0:6717:0:8",2,"NC","NC"
"68",241,"NC",2848,0.0909090909090909,"0:2626:0:4083",11,"NC","NC"
"69",261,"NC",3,0.666666666666667,"0:1:6774:2",3,"NC","NC"
"70",280,"ORF1ab",2,0.5,"0:6945:0:2",2,"Nsp1","Suppresses host antiviral response"
"71",285,"ORF1ab",3,0.666666666666667,"0:2:6948:1",3,"Nsp1","Suppresses host antiviral response"
"72",313,"ORF1ab",63,0.5,"0:6915:0:56",2,"Nsp1","Suppresses host antiviral response"
"73",335,"ORF1ab",6,0.2,"0:6970:0:6",5,"Nsp1","Suppresses host antiviral response"
"74",354,"ORF1ab",3,0.333333333333333,"3:0:6973:0",3,"Nsp1","Suppresses host antiviral response"
"75",379,"ORF1ab",19,0.333333333333333,"19:6968:0:0",3,"Nsp1","Suppresses host antiviral response"
"76",398,"ORF1ab",2,0.5,"0:6987:0:2",2,"Nsp1","Suppresses host antiviral response"
"77",443,"ORF1ab",2,0.5,"2:0:6993:0",2,"Nsp1","Suppresses host antiviral response"
"78",490,"ORF1ab",74,0.5,"69:0:0:6923",2,"Nsp1","Suppresses host antiviral response"
"79",514,"ORF1ab",132,0.333333333333333,"0:108:0:6876",3,"Nsp1","Suppresses host antiviral response"
"80",520,"ORF1ab",8,0.2,"0:0:6974:7",5,"Nsp1","Suppresses host antiviral response"
"81",527,"ORF1ab",3,0.333333333333333,"0:6991:0:3",3,"Nsp1","Suppresses host antiviral response"
"82",541,"ORF1ab",9,0.333333333333333,"0:6987:0:9",3,"Nsp1","Suppresses host antiviral response"
"83",556,"ORF1ab",2,0.5,"0:6995:0:2",2,"Nsp1","Suppresses host antiviral response"
"84",583,"ORF1ab",6,0.25,"0:6995:0:6",4,"Nsp1","Suppresses host antiviral response"
"85",598,"ORF1ab",5,0.333333333333333,"0:0:6995:5",3,"Nsp1","Suppresses host antiviral response"
"86",635,"ORF1ab",2,0.5,"0:6998:0:2",2,"Nsp1","Suppresses host antiviral response"
"87",652,"ORF1ab",3,0.5,"7002:0:0:3",2,"Nsp1","Suppresses host antiviral response"
"88",679,"ORF1ab",4,0.5,"0:7000:0:4",2,"Nsp1","Suppresses host antiviral response"
"89",680,"ORF1ab",2,0.5,"2:0:7002:0",2,"Nsp1","Suppresses host antiviral response"
"90",683,"ORF1ab",3,0.333333333333333,"0:7001:0:3",3,"Nsp1","Suppresses host antiviral response"
"91",721,"ORF1ab",2,0.5,"0:2:0:7003",2,"Nsp1","Suppresses host antiviral response"
"92",761,"ORF1ab",3,0.5,"7002:0:3:0",2,"Nsp1","Suppresses host antiviral response"
"93",799,"ORF1ab",3,0.5,"0:7002:0:3",2,"Nsp1","Suppresses host antiviral response"
"94",823,"ORF1ab",2,0.5,"0:7003:0:2",2,"Nsp2","Viral replication"
"95",829,"ORF1ab",3,0.333333333333333,"0:7000:0:3",3,"Nsp2","Viral replication"
"96",832,"ORF1ab",6,0.25,"0:6999:0:6",4,"Nsp2","Viral replication"
"97",833,"ORF1ab",39,0.333333333333333,"0:39:0:6964",3,"Nsp2","Viral replication"
"98",835,"ORF1ab",2,0.5,"0:7003:0:2",2,"Nsp2","Viral replication"
"99",845,"ORF1ab",2,0.5,"0:0:7003:2",2,"Nsp2","Viral replication"
"100",854,"ORF1ab",2,0.5,"0:7003:0:2",2,"Nsp2","Viral replication"
"101",875,"ORF1ab",3,0.5,"0:7002:0:3",2,"Nsp2","Viral replication"
"102",884,"ORF1ab",30,0.333333333333333,"0:6975:0:30",3,"Nsp2","Viral replication"
"103",900,"ORF1ab",2,0.5,"0:7003:0:2",2,"Nsp2","Viral replication"
"104",913,"ORF1ab",4,0.5,"0:7001:0:4",2,"Nsp2","Viral replication"
"105",936,"ORF1ab",2,0.5,"0:7003:0:2",2,"Nsp2","Viral replication"
"106",957,"ORF1ab",5,0.5,"5:0:6998:0",2,"Nsp2","Viral replication"
"107",1059,"ORF1ab",1499,0.125,"0:5615:0:1362",8,"Nsp2","Viral replication"
"108",1076,"ORF1ab",29,0.333333333333333,"0:6947:0:27",3,"Nsp2","Viral replication"
"109",1123,"ORF1ab",2,0.5,"6968:0:2:0",2,"Nsp2","Viral replication"
"110",1125,"ORF1ab",2,0.5,"2:0:6968:0",2,"Nsp2","Viral replication"
"111",1190,"ORF1ab",6,0.333333333333333,"0:6965:0:6",3,"Nsp2","Viral replication"
"112",1191,"ORF1ab",2,0.5,"0:6967:0:2",2,"Nsp2","Viral replication"
"113",1218,"ORF1ab",5,0.333333333333333,"0:6964:0:5",3,"Nsp2","Viral replication"
"114",1238,"ORF1ab",6,0.5,"0:6964:0:6",2,"Nsp2","Viral replication"
"115",1267,"ORF1ab",3,0.333333333333333,"0:7000:0:3",3,"Nsp2","Viral replication"
"116",1302,"ORF1ab",6,0.5,"0:6998:0:6",2,"Nsp2","Viral replication"
"117",1308,"ORF1ab",2,0.5,"7003:0:2:0",2,"Nsp2","Viral replication"
"118",1385,"ORF1ab",3,0.5,"0:7002:0:3",2,"Nsp2","Viral replication"
"119",1401,"ORF1ab",4,0.5,"4:0:7001:0",2,"Nsp2","Viral replication"
"120",1404,"ORF1ab",2,0.5,"0:7002:0:2",2,"Nsp2","Viral replication"
"121",1437,"ORF1ab",7,0.333333333333333,"0:6995:0:7",3,"Nsp2","Viral replication"
"122",1457,"ORF1ab",10,0.25,"0:6997:0:8",4,"Nsp2","Viral replication"
"123",1469,"ORF1ab",5,0.333333333333333,"0:7000:0:5",3,"Nsp2","Viral replication"
"124",1473,"ORF1ab",2,0.5,"0:7003:0:2",2,"Nsp2","Viral replication"
"125",1514,"ORF1ab",6,0.25,"0:6997:0:6",4,"Nsp2","Viral replication"
"126",1515,"ORF1ab",47,0.5,"6957:0:47:0",2,"Nsp2","Viral replication"
"127",1545,"ORF1ab",3,0.333333333333333,"0:7001:0:3",3,"Nsp2","Viral replication"
"128",1547,"ORF1ab",5,0.5,"6999:0:5:0",2,"Nsp2","Viral replication"
"129",1570,"ORF1ab",13,0.333333333333333,"0:12:0:6992",3,"Nsp2","Viral replication"
"130",1594,"ORF1ab",23,0.333333333333333,"0:6981:0:22",3,"Nsp2","Viral replication"
"131",1625,"ORF1ab",4,0.5,"0:6999:0:4",2,"Nsp2","Viral replication"
"132",1666,"ORF1ab",4,0.5,"0:4:0:7000",2,"Nsp2","Viral replication"
"133",1684,"ORF1ab",4,0.5,"0:7001:0:4",2,"Nsp2","Viral replication"
"134",1691,"ORF1ab",4,0.333333333333333,"7000:0:4:0",3,"Nsp2","Viral replication"
"135",1779,"ORF1ab",3,0.333333333333333,"0:7002:0:3",3,"Nsp2","Viral replication"
"136",1820,"ORF1ab",12,0.125,"12:0:6993:0",8,"Nsp2","Viral replication"
"137",1911,"ORF1ab",2,0.5,"0:7002:0:2",2,"Nsp2","Viral replication"
"138",1912,"ORF1ab",17,0.125,"0:6987:0:17",8,"Nsp2","Viral replication"
"139",1929,"ORF1ab",5,0.5,"0:7000:0:5",2,"Nsp2","Viral replication"
"140",2061,"ORF1ab",2,0.5,"0:7002:0:2",2,"Nsp2","Viral replication"
"141",2091,"ORF1ab",3,0.333333333333333,"0:7000:0:3",3,"Nsp2","Viral replication"
"142",2094,"ORF1ab",6,0.2,"0:6997:0:6",5,"Nsp2","Viral replication"
"143",2110,"ORF1ab",2,0.5,"0:6999:0:2",2,"Nsp2","Viral replication"
"144",2113,"ORF1ab",36,0.333333333333333,"0:6972:0:31",3,"Nsp2","Viral replication"
"145",2144,"ORF1ab",2,0.5,"0:0:7001:2",2,"Nsp2","Viral replication"
"146",2156,"ORF1ab",2,0.5,"0:7000:0:2",2,"Nsp2","Viral replication"
"147",2198,"ORF1ab",4,0.333333333333333,"4:0:6996:0",3,"Nsp2","Viral replication"
"148",2244,"ORF1ab",7,0.333333333333333,"0:7:0:6979",3,"Nsp2","Viral replication"
"149",2293,"ORF1ab",6,0.5,"0:0:6924:4",2,"Nsp2","Viral replication"
"150",2306,"ORF1ab",3,0.333333333333333,"0:6924:0:3",3,"Nsp2","Viral replication"
"151",2334,"ORF1ab",2,0.5,"0:6925:0:2",2,"Nsp2","Viral replication"
"152",2445,"ORF1ab",2,0.5,"0:6919:0:2",2,"Nsp2","Viral replication"
"153",2455,"ORF1ab",14,0.5,"0:6908:0:11",2,"Nsp2","Viral replication"
"154",2469,"ORF1ab",3,0.333333333333333,"0:6913:0:3",3,"Nsp2","Viral replication"
"155",2507,"ORF1ab",6,0.5,"0:6918:0:6",2,"Nsp2","Viral replication"
"156",2527,"ORF1ab",6,0.5,"2:0:6919:4",4,"Nsp2","Viral replication"
"157",2528,"ORF1ab",2,0.5,"2:0:6923:0",2,"Nsp2","Viral replication"
"158",2558,"ORF1ab",355,0.5,"0:6564:0:346",2,"Nsp2","Viral replication"
"159",2632,"ORF1ab",2,0.5,"0:0:6936:2",2,"Nsp2","Viral replication"
"160",2659,"ORF1ab",2,0.5,"0:0:6938:2",2,"Nsp2","Viral replication"
"161",2695,"ORF1ab",2,0.5,"0:6945:0:2",2,"Nsp2","Viral replication"
"162",2775,"ORF1ab",2,0.5,"6956:0:2:0",2,"Nsp3","Nsp3-Nsp4-Nsp6 complex involved in viral replication"
"163",2782,"ORF1ab",3,0.333333333333333,"0:0:6947:3",3,"Nsp3","Nsp3-Nsp4-Nsp6 complex involved in viral replication"
"164",2918,"ORF1ab",2,0.5,"0:7003:0:2",2,"Nsp3","Nsp3-Nsp4-Nsp6 complex involved in viral replication"
"165",2952,"ORF1ab",2,0.5,"7003:0:2:0",2,"Nsp3","Nsp3-Nsp4-Nsp6 complex involved in viral replication"
"166",2973,"ORF1ab",2,0.5,"0:7003:0:2",2,"Nsp3","Nsp3-Nsp4-Nsp6 complex involved in viral replication"
"167",2997,"ORF1ab",2,0.5,"0:7003:0:2",2,"Nsp3","Nsp3-Nsp4-Nsp6 complex involved in viral replication"
"168",3037,"ORF1ab",3043,0.181818181818182,"1:2801:0:4180",11,"Nsp3","Nsp3-Nsp4-Nsp6 complex involved in viral replication"
"169",3096,"ORF1ab",17,0.333333333333333,"0:6990:0:15",3,"Nsp3","Nsp3-Nsp4-Nsp6 complex involved in viral replication"
"170",3130,"ORF1ab",4,0.25,"0:7000:0:4",4,"Nsp3","Nsp3-Nsp4-Nsp6 complex involved in viral replication"
"171",3145,"ORF1ab",9,0.166666666666667,"0:0:6994:8",6,"Nsp3","Nsp3-Nsp4-Nsp6 complex involved in viral replication"
"172",3176,"ORF1ab",2,0.5,"0:6999:0:2",2,"Nsp3","Nsp3-Nsp4-Nsp6 complex involved in viral replication"
"173",3177,"ORF1ab",74,0.4,"2:6932:0:67",5,"Nsp3","Nsp3-Nsp4-Nsp6 complex involved in viral replication"
"174",3231,"ORF1ab",2,0.5,"0:0:7002:2",2,"Nsp3","Nsp3-Nsp4-Nsp6 complex involved in viral replication"
"175",3253,"ORF1ab",18,0.333333333333333,"0:6990:0:15",3,"Nsp3","Nsp3-Nsp4-Nsp6 complex involved in viral replication"
"176",3259,"ORF1ab",4,0.666666666666667,"2:0:7001:2",3,"Nsp3","Nsp3-Nsp4-Nsp6 complex involved in viral replication"
"177",3393,"ORF1ab",2,0.5,"0:7003:0:2",2,"Nsp3","Nsp3-Nsp4-Nsp6 complex involved in viral replication"
"178",3411,"ORF1ab",5,0.333333333333333,"0:7000:0:5",3,"Nsp3","Nsp3-Nsp4-Nsp6 complex involved in viral replication"
"179",3564,"ORF1ab",40,0.04,"0:0:6956:39",25,"Nsp3","Nsp3-Nsp4-Nsp6 complex involved in viral replication"
"180",3589,"ORF1ab",3,0.5,"0:7000:0:3",2,"Nsp3","Nsp3-Nsp4-Nsp6 complex involved in viral replication"
"181",3619,"ORF1ab",2,0.5,"0:7002:0:2",2,"Nsp3","Nsp3-Nsp4-Nsp6 complex involved in viral replication"
"182",3634,"ORF1ab",2,0.5,"0:6999:0:2",2,"Nsp3","Nsp3-Nsp4-Nsp6 complex involved in viral replication"
"183",3738,"ORF1ab",4,0.25,"0:6992:0:4",4,"Nsp3","Nsp3-Nsp4-Nsp6 complex involved in viral replication"
"184",3768,"ORF1ab",6,0.2,"0:6990:0:6",5,"Nsp3","Nsp3-Nsp4-Nsp6 complex involved in viral replication"
"185",3784,"ORF1ab",4,0.333333333333333,"0:6999:0:4",3,"Nsp3","Nsp3-Nsp4-Nsp6 complex involved in viral replication"
"186",3787,"ORF1ab",9,0.333333333333333,"0:6993:0:9",3,"Nsp3","Nsp3-Nsp4-Nsp6 complex involved in viral replication"
"187",3792,"ORF1ab",4,0.5,"0:6999:0:4",2,"Nsp3","Nsp3-Nsp4-Nsp6 complex involved in viral replication"
"188",3793,"ORF1ab",3,0.333333333333333,"0:3:0:7000",3,"Nsp3","Nsp3-Nsp4-Nsp6 complex involved in viral replication"
"189",3859,"ORF1ab",5,0.5,"6997:0:5:0",2,"Nsp3","Nsp3-Nsp4-Nsp6 complex involved in viral replication"
"190",3866,"ORF1ab",2,0.5,"0:7001:2:0",2,"Nsp3","Nsp3-Nsp4-Nsp6 complex involved in viral replication"
"191",3931,"ORF1ab",6,0.333333333333333,"0:4:0:6997",3,"Nsp3","Nsp3-Nsp4-Nsp6 complex involved in viral replication"
"192",3955,"ORF1ab",6,0.333333333333333,"0:0:6995:6",3,"Nsp3","Nsp3-Nsp4-Nsp6 complex involved in viral replication"
"193",3987,"ORF1ab",3,0.5,"0:6999:0:3",2,"Nsp3","Nsp3-Nsp4-Nsp6 complex involved in viral replication"
"194",3992,"ORF1ab",2,0.5,"0:6998:0:2",2,"Nsp3","Nsp3-Nsp4-Nsp6 complex involved in viral replication"
"195",3994,"ORF1ab",5,0.666666666666667,"3:0:6996:2",3,"Nsp3","Nsp3-Nsp4-Nsp6 complex involved in viral replication"
"196",4050,"ORF1ab",17,0.0833333333333333,"6987:17:0:0",12,"Nsp3","Nsp3-Nsp4-Nsp6 complex involved in viral replication"
"197",4084,"ORF1ab",11,0.2,"0:6992:0:11",5,"Nsp3","Nsp3-Nsp4-Nsp6 complex involved in viral replication"
"198",4113,"ORF1ab",10,0.333333333333333,"0:6994:0:10",3,"Nsp3","Nsp3-Nsp4-Nsp6 complex involved in viral replication"
"199",4158,"ORF1ab",3,0.5,"0:7001:0:3",2,"Nsp3","Nsp3-Nsp4-Nsp6 complex involved in viral replication"
"200",4162,"ORF1ab",2,0.5,"0:0:7002:2",2,"Nsp3","Nsp3-Nsp4-Nsp6 complex involved in viral replication"
"201",4201,"ORF1ab",3,0.5,"0:0:7001:3",2,"Nsp3","Nsp3-Nsp4-Nsp6 complex involved in viral replication"
"202",4255,"ORF1ab",30,0.5,"3:0:6974:27",4,"Nsp3","Nsp3-Nsp4-Nsp6 complex involved in viral replication"
"203",4276,"ORF1ab",3,0.333333333333333,"0:7000:0:3",3,"Nsp3","Nsp3-Nsp4-Nsp6 complex involved in viral replication"
"204",4320,"ORF1ab",25,0.666666666666667,"1:6974:0:24",3,"Nsp3","Nsp3-Nsp4-Nsp6 complex involved in viral replication"
"205",4423,"ORF1ab",3,0.333333333333333,"0:7002:0:3",3,"Nsp3","Nsp3-Nsp4-Nsp6 complex involved in viral replication"
"206",4444,"ORF1ab",2,0.5,"0:0:6996:2",2,"Nsp3","Nsp3-Nsp4-Nsp6 complex involved in viral replication"
"207",4455,"ORF1ab",3,0.333333333333333,"0:6992:0:3",3,"Nsp3","Nsp3-Nsp4-Nsp6 complex involved in viral replication"
"208",4456,"ORF1ab",3,0.333333333333333,"0:6992:0:3",3,"Nsp3","Nsp3-Nsp4-Nsp6 complex involved in viral replication"
"209",4510,"ORF1ab",5,0.5,"1:0:6989:4",4,"Nsp3","Nsp3-Nsp4-Nsp6 complex involved in viral replication"
"210",4633,"ORF1ab",4,0.333333333333333,"0:6991:0:4",3,"Nsp3","Nsp3-Nsp4-Nsp6 complex involved in viral replication"
"211",4655,"ORF1ab",4,0.5,"0:6996:0:4",2,"Nsp3","Nsp3-Nsp4-Nsp6 complex involved in viral replication"
"212",4668,"ORF1ab",8,0.5,"0:6991:0:8",2,"Nsp3","Nsp3-Nsp4-Nsp6 complex involved in viral replication"
"213",4683,"ORF1ab",5,0.333333333333333,"0:6997:0:5",3,"Nsp3","Nsp3-Nsp4-Nsp6 complex involved in viral replication"
"214",4755,"ORF1ab",4,0.333333333333333,"0:6996:0:4",3,"Nsp3","Nsp3-Nsp4-Nsp6 complex involved in viral replication"
"215",4795,"ORF1ab",2,0.5,"0:6996:0:2",2,"Nsp3","Nsp3-Nsp4-Nsp6 complex involved in viral replication"
"216",4809,"ORF1ab",15,0.5,"0:6983:0:15",2,"Nsp3","Nsp3-Nsp4-Nsp6 complex involved in viral replication"
"217",5007,"ORF1ab",3,0.5,"0:6998:0:3",2,"Nsp3","Nsp3-Nsp4-Nsp6 complex involved in viral replication"
"218",5144,"ORF1ab",5,0.25,"0:6997:0:5",4,"Nsp3","Nsp3-Nsp4-Nsp6 complex involved in viral replication"
"219",5183,"ORF1ab",7,0.5,"0:6994:0:7",2,"Nsp3","Nsp3-Nsp4-Nsp6 complex involved in viral replication"
"220",5221,"ORF1ab",2,0.5,"0:6998:0:2",2,"Nsp3","Nsp3-Nsp4-Nsp6 complex involved in viral replication"
"221",5223,"ORF1ab",4,0.5,"0:6996:0:4",2,"Nsp3","Nsp3-Nsp4-Nsp6 complex involved in viral replication"
"222",5239,"ORF1ab",2,0.5,"0:6998:0:2",2,"Nsp3","Nsp3-Nsp4-Nsp6 complex involved in viral replication"
"223",5284,"ORF1ab",6,0.333333333333333,"0:6997:0:6",3,"Nsp3","Nsp3-Nsp4-Nsp6 complex involved in viral replication"
"224",5301,"ORF1ab",2,0.5,"0:6984:0:2",2,"Nsp3","Nsp3-Nsp4-Nsp6 complex involved in viral replication"
"225",5322,"ORF1ab",2,0.5,"2:0:0:6984",2,"Nsp3","Nsp3-Nsp4-Nsp6 complex involved in viral replication"
"226",5365,"ORF1ab",3,0.5,"0:6986:0:3",2,"Nsp3","Nsp3-Nsp4-Nsp6 complex involved in viral replication"
"227",5467,"ORF1ab",4,0.25,"0:6991:0:4",4,"Nsp3","Nsp3-Nsp4-Nsp6 complex involved in viral replication"
"228",5512,"ORF1ab",3,0.333333333333333,"0:6988:0:3",3,"Nsp3","Nsp3-Nsp4-Nsp6 complex involved in viral replication"
"229",5544,"ORF1ab",2,0.5,"0:6991:0:2",2,"Nsp3","Nsp3-Nsp4-Nsp6 complex involved in viral replication"
"230",5572,"ORF1ab",7,0.5,"0:0:6989:6",2,"Nsp3","Nsp3-Nsp4-Nsp6 complex involved in viral replication"
"231",5608,"ORF1ab",2,0.5,"7003:0:2:0",2,"Nsp3","Nsp3-Nsp4-Nsp6 complex involved in viral replication"
"232",5622,"ORF1ab",2,0.5,"0:7003:0:2",2,"Nsp3","Nsp3-Nsp4-Nsp6 complex involved in viral replication"
"233",5654,"ORF1ab",3,0.333333333333333,"0:7002:0:3",3,"Nsp3","Nsp3-Nsp4-Nsp6 complex involved in viral replication"
"234",5665,"ORF1ab",2,0.5,"2:0:7003:0",2,"Nsp3","Nsp3-Nsp4-Nsp6 complex involved in viral replication"
"235",5730,"ORF1ab",8,0.25,"0:6997:0:8",4,"Nsp3","Nsp3-Nsp4-Nsp6 complex involved in viral replication"
"236",5784,"ORF1ab",17,0.25,"0:6988:0:17",4,"Nsp3","Nsp3-Nsp4-Nsp6 complex involved in viral replication"
"237",5817,"ORF1ab",3,0.5,"0:7002:0:3",2,"Nsp3","Nsp3-Nsp4-Nsp6 complex involved in viral replication"
"238",5826,"ORF1ab",6,0.25,"0:6998:0:6",4,"Nsp3","Nsp3-Nsp4-Nsp6 complex involved in viral replication"
"239",5842,"ORF1ab",2,0.5,"0:7002:0:2",2,"Nsp3","Nsp3-Nsp4-Nsp6 complex involved in viral replication"
"240",5845,"ORF1ab",3,0.5,"7001:0:0:3",2,"Nsp3","Nsp3-Nsp4-Nsp6 complex involved in viral replication"
"241",5849,"ORF1ab",2,0.5,"0:7002:0:2",2,"Nsp3","Nsp3-Nsp4-Nsp6 complex involved in viral replication"
"242",5860,"ORF1ab",3,0.5,"0:3:0:7000",2,"Nsp3","Nsp3-Nsp4-Nsp6 complex involved in viral replication"
"243",5869,"ORF1ab",6,0.2,"0:6995:0:6",5,"Nsp3","Nsp3-Nsp4-Nsp6 complex involved in viral replication"
"244",5886,"ORF1ab",2,0.5,"0:6999:0:2",2,"Nsp3","Nsp3-Nsp4-Nsp6 complex involved in viral replication"
"245",5974,"ORF1ab",3,0.333333333333333,"0:6998:0:3",3,"Nsp3","Nsp3-Nsp4-Nsp6 complex involved in viral replication"
"246",6025,"ORF1ab",2,0.5,"0:2:0:6999",2,"Nsp3","Nsp3-Nsp4-Nsp6 complex involved in viral replication"
"247",6026,"ORF1ab",7,0.2,"0:6994:0:7",5,"Nsp3","Nsp3-Nsp4-Nsp6 complex involved in viral replication"
"248",6027,"ORF1ab",8,0.333333333333333,"0:6995:0:8",3,"Nsp3","Nsp3-Nsp4-Nsp6 complex involved in viral replication"
"249",6031,"ORF1ab",4,0.333333333333333,"0:6999:0:4",3,"Nsp3","Nsp3-Nsp4-Nsp6 complex involved in viral replication"
"250",6035,"ORF1ab",2,0.5,"7001:0:2:0",2,"Nsp3","Nsp3-Nsp4-Nsp6 complex involved in viral replication"
"251",6040,"ORF1ab",30,0.125,"0:6972:0:30",8,"Nsp3","Nsp3-Nsp4-Nsp6 complex involved in viral replication"
"252",6145,"ORF1ab",2,0.5,"0:7002:0:2",2,"Nsp3","Nsp3-Nsp4-Nsp6 complex involved in viral replication"
"253",6220,"ORF1ab",2,0.5,"2:0:7002:0",2,"Nsp3","Nsp3-Nsp4-Nsp6 complex involved in viral replication"
"254",6255,"ORF1ab",16,0.111111111111111,"0:6988:0:16",9,"Nsp3","Nsp3-Nsp4-Nsp6 complex involved in viral replication"
"255",6266,"ORF1ab",2,0.5,"2:0:6998:0",2,"Nsp3","Nsp3-Nsp4-Nsp6 complex involved in viral replication"
"256",6285,"ORF1ab",6,0.5,"0:6992:0:6",2,"Nsp3","Nsp3-Nsp4-Nsp6 complex involved in viral replication"
"257",6286,"ORF1ab",2,0.5,"0:6996:0:2",2,"Nsp3","Nsp3-Nsp4-Nsp6 complex involved in viral replication"
"258",6310,"ORF1ab",20,0.333333333333333,"7:6977:0:13",6,"Nsp3","Nsp3-Nsp4-Nsp6 complex involved in viral replication"
"259",6312,"ORF1ab",52,0.333333333333333,"43:6952:0:3",6,"Nsp3","Nsp3-Nsp4-Nsp6 complex involved in viral replication"
"260",6317,"ORF1ab",4,0.5,"0:6994:0:4",2,"Nsp3","Nsp3-Nsp4-Nsp6 complex involved in viral replication"
"261",6352,"ORF1ab",3,0.333333333333333,"0:0:6993:3",3,"Nsp3","Nsp3-Nsp4-Nsp6 complex involved in viral replication"
"262",6361,"ORF1ab",2,0.5,"0:6984:0:2",2,"Nsp3","Nsp3-Nsp4-Nsp6 complex involved in viral replication"
"263",6363,"ORF1ab",5,0.333333333333333,"0:6980:0:5",3,"Nsp3","Nsp3-Nsp4-Nsp6 complex involved in viral replication"
"264",6402,"ORF1ab",4,0.5,"0:6980:0:4",2,"Nsp3","Nsp3-Nsp4-Nsp6 complex involved in viral replication"
"265",6449,"ORF1ab",4,0.5,"0:6979:0:4",2,"Nsp3","Nsp3-Nsp4-Nsp6 complex involved in viral replication"
"266",6466,"ORF1ab",3,0.5,"6982:0:3:0",2,"Nsp3","Nsp3-Nsp4-Nsp6 complex involved in viral replication"
"267",6487,"ORF1ab",2,0.5,"0:6987:0:2",2,"Nsp3","Nsp3-Nsp4-Nsp6 complex involved in viral replication"
"268",6504,"ORF1ab",7,0.5,"0:6980:0:7",2,"Nsp3","Nsp3-Nsp4-Nsp6 complex involved in viral replication"
"269",6513,"ORF1ab",2,0.5,"0:0:6986:2",2,"Nsp3","Nsp3-Nsp4-Nsp6 complex involved in viral replication"
"270",6573,"ORF1ab",10,0.333333333333333,"0:6986:0:10",3,"Nsp3","Nsp3-Nsp4-Nsp6 complex involved in viral replication"
"271",6606,"ORF1ab",2,0.5,"0:6996:0:2",2,"Nsp3","Nsp3-Nsp4-Nsp6 complex involved in viral replication"
"272",6616,"ORF1ab",4,0.5,"6992:0:4:0",2,"Nsp3","Nsp3-Nsp4-Nsp6 complex involved in viral replication"
"273",6627,"ORF1ab",2,0.5,"0:6996:0:2",2,"Nsp3","Nsp3-Nsp4-Nsp6 complex involved in viral replication"
"274",6628,"ORF1ab",3,0.5,"0:6994:0:3",2,"Nsp3","Nsp3-Nsp4-Nsp6 complex involved in viral replication"
"275",6636,"ORF1ab",5,0.25,"0:6995:0:5",4,"Nsp3","Nsp3-Nsp4-Nsp6 complex involved in viral replication"
"276",6638,"ORF1ab",3,0.5,"0:6995:0:3",2,"Nsp3","Nsp3-Nsp4-Nsp6 complex involved in viral replication"
"277",6693,"ORF1ab",9,0.5,"6984:0:9:0",2,"Nsp3","Nsp3-Nsp4-Nsp6 complex involved in viral replication"
"278",6696,"ORF1ab",5,0.333333333333333,"0:6988:0:5",3,"Nsp3","Nsp3-Nsp4-Nsp6 complex involved in viral replication"
"279",6723,"ORF1ab",12,0.5,"0:6979:0:12",2,"Nsp3","Nsp3-Nsp4-Nsp6 complex involved in viral replication"
"280",6730,"ORF1ab",4,0.333333333333333,"0:6992:0:4",3,"Nsp3","Nsp3-Nsp4-Nsp6 complex involved in viral replication"
"281",6762,"ORF1ab",2,0.5,"0:6993:0:2",2,"Nsp3","Nsp3-Nsp4-Nsp6 complex involved in viral replication"
"282",6781,"ORF1ab",3,0.5,"0:6987:0:2",2,"Nsp3","Nsp3-Nsp4-Nsp6 complex involved in viral replication"
"283",6825,"ORF1ab",4,0.5,"6985:4:0:0",2,"Nsp3","Nsp3-Nsp4-Nsp6 complex involved in viral replication"
"284",6861,"ORF1ab",4,0.333333333333333,"0:6973:0:4",3,"Nsp3","Nsp3-Nsp4-Nsp6 complex involved in viral replication"
"285",6968,"ORF1ab",2,0.5,"2:6942:0:0",2,"Nsp3","Nsp3-Nsp4-Nsp6 complex involved in viral replication"
"286",6975,"ORF1ab",7,0.5,"0:0:6940:7",2,"Nsp3","Nsp3-Nsp4-Nsp6 complex involved in viral replication"
"287",6977,"ORF1ab",7,0.5,"7:0:6939:0",2,"Nsp3","Nsp3-Nsp4-Nsp6 complex involved in viral replication"
"288",6990,"ORF1ab",22,0.2,"0:6930:0:22",5,"Nsp3","Nsp3-Nsp4-Nsp6 complex involved in viral replication"
"289",7011,"ORF1ab",40,0.25,"0:6919:0:40",4,"Nsp3","Nsp3-Nsp4-Nsp6 complex involved in viral replication"
"290",7042,"ORF1ab",3,0.333333333333333,"0:0:6980:3",3,"Nsp3","Nsp3-Nsp4-Nsp6 complex involved in viral replication"
"291",7083,"ORF1ab",2,0.5,"0:7001:0:2",2,"Nsp3","Nsp3-Nsp4-Nsp6 complex involved in viral replication"
"292",7093,"ORF1ab",2,0.5,"0:7001:0:2",2,"Nsp3","Nsp3-Nsp4-Nsp6 complex involved in viral replication"
"293",7164,"ORF1ab",3,0.333333333333333,"0:7002:0:3",3,"Nsp3","Nsp3-Nsp4-Nsp6 complex involved in viral replication"
"294",7165,"ORF1ab",3,0.5,"0:7001:0:3",2,"Nsp3","Nsp3-Nsp4-Nsp6 complex involved in viral replication"
"295",7392,"ORF1ab",2,0.5,"0:7000:0:2",2,"Nsp3","Nsp3-Nsp4-Nsp6 complex involved in viral replication"
"296",7393,"ORF1ab",3,0.5,"0:0:7000:3",2,"Nsp3","Nsp3-Nsp4-Nsp6 complex involved in viral replication"
"297",7420,"ORF1ab",4,0.25,"0:7001:0:4",4,"Nsp3","Nsp3-Nsp4-Nsp6 complex involved in viral replication"
"298",7438,"ORF1ab",46,0.333333333333333,"0:41:0:6964",3,"Nsp3","Nsp3-Nsp4-Nsp6 complex involved in viral replication"
"299",7479,"ORF1ab",16,0.5,"6989:0:16:0",2,"Nsp3","Nsp3-Nsp4-Nsp6 complex involved in viral replication"
"300",7504,"ORF1ab",2,0.5,"0:7003:0:2",2,"Nsp3","Nsp3-Nsp4-Nsp6 complex involved in viral replication"
"301",7528,"ORF1ab",2,0.5,"0:7002:0:2",2,"Nsp3","Nsp3-Nsp4-Nsp6 complex involved in viral replication"
"302",7560,"ORF1ab",4,0.5,"4:0:7001:0",2,"Nsp3","Nsp3-Nsp4-Nsp6 complex involved in viral replication"
"303",7672,"ORF1ab",2,0.5,"0:2:0:7002",2,"Nsp3","Nsp3-Nsp4-Nsp6 complex involved in viral replication"
"304",7675,"ORF1ab",4,0.333333333333333,"0:0:6999:4",3,"Nsp3","Nsp3-Nsp4-Nsp6 complex involved in viral replication"
"305",7728,"ORF1ab",4,0.5,"1:6998:0:3",4,"Nsp3","Nsp3-Nsp4-Nsp6 complex involved in viral replication"
"306",7735,"ORF1ab",3,0.5,"0:6997:0:3",2,"Nsp3","Nsp3-Nsp4-Nsp6 complex involved in viral replication"
"307",7765,"ORF1ab",28,0.333333333333333,"0:6979:0:23",3,"Nsp3","Nsp3-Nsp4-Nsp6 complex involved in viral replication"
"308",7798,"ORF1ab",3,0.333333333333333,"0:0:6998:3",3,"Nsp3","Nsp3-Nsp4-Nsp6 complex involved in viral replication"
"309",7824,"ORF1ab",3,0.5,"6997:0:3:0",2,"Nsp3","Nsp3-Nsp4-Nsp6 complex involved in viral replication"
"310",7843,"ORF1ab",3,0.5,"0:6998:0:3",2,"Nsp3","Nsp3-Nsp4-Nsp6 complex involved in viral replication"
"311",7851,"ORF1ab",3,0.5,"0:7000:0:3",2,"Nsp3","Nsp3-Nsp4-Nsp6 complex involved in viral replication"
"312",7936,"ORF1ab",2,0.5,"0:0:7000:2",2,"Nsp3","Nsp3-Nsp4-Nsp6 complex involved in viral replication"
"313",7945,"ORF1ab",3,0.333333333333333,"0:7000:0:3",3,"Nsp3","Nsp3-Nsp4-Nsp6 complex involved in viral replication"
"314",8022,"ORF1ab",4,0.25,"0:0:4:6999",4,"Nsp3","Nsp3-Nsp4-Nsp6 complex involved in viral replication"
"315",8072,"ORF1ab",8,0.5,"6995:0:8:0",2,"Nsp3","Nsp3-Nsp4-Nsp6 complex involved in viral replication"
"316",8078,"ORF1ab",16,0.2,"0:6988:0:15",5,"Nsp3","Nsp3-Nsp4-Nsp6 complex involved in viral replication"
"317",8090,"ORF1ab",8,0.5,"0:6995:0:8",2,"Nsp3","Nsp3-Nsp4-Nsp6 complex involved in viral replication"
"318",8102,"ORF1ab",4,0.333333333333333,"0:0:6999:4",3,"Nsp3","Nsp3-Nsp4-Nsp6 complex involved in viral replication"
"319",8140,"ORF1ab",3,0.333333333333333,"0:6998:0:3",3,"Nsp3","Nsp3-Nsp4-Nsp6 complex involved in viral replication"
"320",8208,"ORF1ab",2,0.5,"0:7001:0:2",2,"Nsp3","Nsp3-Nsp4-Nsp6 complex involved in viral replication"
"321",8290,"ORF1ab",3,0.5,"0:6997:0:3",2,"Nsp3","Nsp3-Nsp4-Nsp6 complex involved in viral replication"
"322",8293,"ORF1ab",12,0.5,"3:6988:0:9",4,"Nsp3","Nsp3-Nsp4-Nsp6 complex involved in viral replication"
"323",8316,"ORF1ab",2,0.5,"0:7000:0:2",2,"Nsp3","Nsp3-Nsp4-Nsp6 complex involved in viral replication"
"324",8326,"ORF1ab",2,0.5,"0:6999:0:2",2,"Nsp3","Nsp3-Nsp4-Nsp6 complex involved in viral replication"
"325",8389,"ORF1ab",4,0.5,"0:6999:0:4",2,"Nsp3","Nsp3-Nsp4-Nsp6 complex involved in viral replication"
"326",8394,"ORF1ab",6,0.5,"0:6997:0:6",2,"Nsp3","Nsp3-Nsp4-Nsp6 complex involved in viral replication"
"327",8602,"ORF1ab",11,0.333333333333333,"11:0:6993:0",3,"Nsp4","Nsp3-Nsp4-Nsp6 complex involved in viral replication"
"328",8645,"ORF1ab",2,0.5,"0:7002:0:2",2,"Nsp4","Nsp3-Nsp4-Nsp6 complex involved in viral replication"
"329",8767,"ORF1ab",15,0.5,"0:14:0:6990",2,"Nsp4","Nsp3-Nsp4-Nsp6 complex involved in viral replication"
"330",8782,"ORF1ab",1158,0.1,"0:5946:0:1052",10,"Nsp4","Nsp3-Nsp4-Nsp6 complex involved in viral replication"
"331",8790,"ORF1ab",5,0.333333333333333,"0:0:6995:4",3,"Nsp4","Nsp3-Nsp4-Nsp6 complex involved in viral replication"
"332",8818,"ORF1ab",2,0.5,"0:7001:0:2",2,"Nsp4","Nsp3-Nsp4-Nsp6 complex involved in viral replication"
"333",8883,"ORF1ab",3,0.5,"0:3:0:7001",2,"Nsp4","Nsp3-Nsp4-Nsp6 complex involved in viral replication"
"334",8917,"ORF1ab",15,0.25,"0:6990:0:14",4,"Nsp4","Nsp3-Nsp4-Nsp6 complex involved in viral replication"
"335",9034,"ORF1ab",2,0.5,"7003:0:2:0",2,"Nsp4","Nsp3-Nsp4-Nsp6 complex involved in viral replication"
"336",9141,"ORF1ab",2,0.5,"2:0:7000:0",2,"Nsp4","Nsp3-Nsp4-Nsp6 complex involved in viral replication"
"337",9165,"ORF1ab",2,0.5,"0:7000:0:2",2,"Nsp4","Nsp3-Nsp4-Nsp6 complex involved in viral replication"
"338",9180,"ORF1ab",3,0.333333333333333,"0:7001:0:3",3,"Nsp4","Nsp3-Nsp4-Nsp6 complex involved in viral replication"
"339",9223,"ORF1ab",46,0.25,"0:6955:0:46",4,"Nsp4","Nsp3-Nsp4-Nsp6 complex involved in viral replication"
"340",9246,"ORF1ab",4,0.25,"0:7001:0:4",4,"Nsp4","Nsp3-Nsp4-Nsp6 complex involved in viral replication"
"341",9333,"ORF1ab",2,0.5,"0:6993:0:2",2,"Nsp4","Nsp3-Nsp4-Nsp6 complex involved in viral replication"
"342",9430,"ORF1ab",6,0.4,"2:6990:0:4",5,"Nsp4","Nsp3-Nsp4-Nsp6 complex involved in viral replication"
"343",9438,"ORF1ab",8,0.333333333333333,"0:6985:0:8",3,"Nsp4","Nsp3-Nsp4-Nsp6 complex involved in viral replication"
"344",9474,"ORF1ab",3,0.333333333333333,"0:6992:0:3",3,"Nsp4","Nsp3-Nsp4-Nsp6 complex involved in viral replication"
"345",9477,"ORF1ab",140,0.5,"114:0:0:6887",2,"Nsp4","Nsp3-Nsp4-Nsp6 complex involved in viral replication"
"346",9479,"ORF1ab",10,0.5,"0:0:6994:10",2,"Nsp4","Nsp3-Nsp4-Nsp6 complex involved in viral replication"
"347",9491,"ORF1ab",3,0.5,"0:7002:0:3",2,"Nsp4","Nsp3-Nsp4-Nsp6 complex involved in viral replication"
"348",9532,"ORF1ab",2,0.5,"0:7001:0:2",2,"Nsp4","Nsp3-Nsp4-Nsp6 complex involved in viral replication"
"349",9561,"ORF1ab",3,0.333333333333333,"0:6999:0:3",3,"Nsp4","Nsp3-Nsp4-Nsp6 complex involved in viral replication"
"350",9565,"ORF1ab",2,0.5,"0:7003:0:2",2,"Nsp4","Nsp3-Nsp4-Nsp6 complex involved in viral replication"
"351",9634,"ORF1ab",5,0.333333333333333,"6993:0:0:5",3,"Nsp4","Nsp3-Nsp4-Nsp6 complex involved in viral replication"
"352",9661,"ORF1ab",2,0.5,"0:6995:0:2",2,"Nsp4","Nsp3-Nsp4-Nsp6 complex involved in viral replication"
"353",9693,"ORF1ab",2,0.5,"0:6999:0:2",2,"Nsp4","Nsp3-Nsp4-Nsp6 complex involved in viral replication"
"354",9749,"ORF1ab",2,0.5,"7000:0:2:0",2,"Nsp4","Nsp3-Nsp4-Nsp6 complex involved in viral replication"
"355",9802,"ORF1ab",2,0.5,"0:0:7002:2",2,"Nsp4","Nsp3-Nsp4-Nsp6 complex involved in viral replication"
"356",9803,"ORF1ab",4,0.25,"0:6999:0:4",4,"Nsp4","Nsp3-Nsp4-Nsp6 complex involved in viral replication"
"357",9856,"ORF1ab",2,0.5,"0:0:7003:2",2,"Nsp4","Nsp3-Nsp4-Nsp6 complex involved in viral replication"
"358",9857,"ORF1ab",2,0.5,"0:7003:0:2",2,"Nsp4","Nsp3-Nsp4-Nsp6 complex involved in viral replication"
"359",9866,"ORF1ab",3,0.5,"0:7003:0:2",2,"Nsp4","Nsp3-Nsp4-Nsp6 complex involved in viral replication"
"360",9924,"ORF1ab",5,0.5,"0:6999:0:5",2,"Nsp4","Nsp3-Nsp4-Nsp6 complex involved in viral replication"
"361",9951,"ORF1ab",2,0.5,"0:7003:0:2",2,"Nsp4","Nsp3-Nsp4-Nsp6 complex involved in viral replication"
"362",9967,"ORF1ab",3,0.5,"0:7000:0:3",2,"Nsp4","Nsp3-Nsp4-Nsp6 complex involved in viral replication"
"363",10029,"ORF1ab",2,0.5,"0:7002:0:2",2,"Nsp4","Nsp3-Nsp4-Nsp6 complex involved in viral replication"
"364",10036,"ORF1ab",2,0.5,"0:7002:0:2",2,"Nsp4","Nsp3-Nsp4-Nsp6 complex involved in viral replication"
"365",10097,"ORF1ab",70,0.5,"64:0:6937:0",2,"Nsp5","Main protease (3C-like)"
"366",10138,"ORF1ab",7,0.333333333333333,"0:6998:0:7",3,"Nsp5","Main protease (3C-like)"
"367",10232,"ORF1ab",5,0.5,"0:6998:0:5",2,"Nsp5","Main protease (3C-like)"
"368",10265,"ORF1ab",12,0.5,"12:0:6993:0",2,"Nsp5","Main protease (3C-like)"
"369",10319,"ORF1ab",9,0.25,"0:6996:0:9",4,"Nsp5","Main protease (3C-like)"
"370",10323,"ORF1ab",99,0.1,"6939:0:66:0",10,"Nsp5","Main protease (3C-like)"
"371",10368,"ORF1ab",2,0.5,"2:0:7002:0",2,"Nsp5","Main protease (3C-like)"
"372",10369,"ORF1ab",4,0.25,"0:7001:0:4",4,"Nsp5","Main protease (3C-like)"
"373",10376,"ORF1ab",5,0.333333333333333,"0:7000:0:5",3,"Nsp5","Main protease (3C-like)"
"374",10450,"ORF1ab",14,0.5,"0:6994:0:11",2,"Nsp5","Main protease (3C-like)"
"375",10456,"ORF1ab",2,0.5,"0:7003:0:2",2,"Nsp5","Main protease (3C-like)"
"376",10507,"ORF1ab",12,0.25,"0:6992:0:12",4,"Nsp5","Main protease (3C-like)"
"377",10523,"ORF1ab",3,0.666666666666667,"1:2:7000:0",3,"Nsp5","Main protease (3C-like)"
"378",10604,"ORF1ab",2,0.5,"0:7003:0:2",2,"Nsp5","Main protease (3C-like)"
"379",10623,"ORF1ab",2,0.5,"0:7002:0:2",2,"Nsp5","Main protease (3C-like)"
"380",10626,"ORF1ab",3,0.5,"0:7002:0:3",2,"Nsp5","Main protease (3C-like)"
"381",10632,"ORF1ab",3,0.333333333333333,"0:7002:0:3",3,"Nsp5","Main protease (3C-like)"
"382",10712,"ORF1ab",8,0.5,"0:6997:0:8",2,"Nsp5","Main protease (3C-like)"
"383",10741,"ORF1ab",7,0.25,"0:6998:0:7",4,"Nsp5","Main protease (3C-like)"
"384",10789,"ORF1ab",9,0.333333333333333,"0:6996:0:9",3,"Nsp5","Main protease (3C-like)"
"385",10818,"ORF1ab",4,0.5,"0:7000:0:4",2,"Nsp5","Main protease (3C-like)"
"386",10833,"ORF1ab",2,0.5,"0:7003:0:2",2,"Nsp5","Main protease (3C-like)"
"387",10851,"ORF1ab",54,0.333333333333333,"0:6958:0:47",3,"Nsp5","Main protease (3C-like)"
"388",10870,"ORF1ab",8,0.333333333333333,"0:0:6998:6",3,"Nsp5","Main protease (3C-like)"
"389",10874,"ORF1ab",2,0.5,"7002:0:2:0",2,"Nsp5","Main protease (3C-like)"
"390",10912,"ORF1ab",2,0.5,"7003:0:2:0",2,"Nsp5","Main protease (3C-like)"
"391",10956,"ORF1ab",3,0.5,"0:7002:0:3",2,"Nsp5","Main protease (3C-like)"
"392",11020,"ORF1ab",2,0.5,"0:7002:0:2",2,"Nsp6","Nsp3-Nsp4-Nsp6 complex involved in viral replication"
"393",11074,"ORF1ab",17,0.1,"0:6983:0:17",10,"Nsp6","Nsp3-Nsp4-Nsp6 complex involved in viral replication"
"394",11083,"ORF1ab",1126,0.027027027027027,"0:0:5896:1069",37,"Nsp6","Nsp3-Nsp4-Nsp6 complex involved in viral replication"
"395",11139,"ORF1ab",2,0.5,"0:7002:0:2",2,"Nsp6","Nsp3-Nsp4-Nsp6 complex involved in viral replication"
"396",11182,"ORF1ab",3,0.5,"0:3:0:7002",2,"Nsp6","Nsp3-Nsp4-Nsp6 complex involved in viral replication"
"397",11195,"ORF1ab",12,0.5,"0:6993:0:12",2,"Nsp6","Nsp3-Nsp4-Nsp6 complex involved in viral replication"
"398",11224,"ORF1ab",9,0.333333333333333,"0:7000:0:5",3,"Nsp6","Nsp3-Nsp4-Nsp6 complex involved in viral replication"
"399",11289,"ORF1ab",2,0.5,"0:7003:0:2",2,"Nsp6","Nsp3-Nsp4-Nsp6 complex involved in viral replication"
"400",11320,"ORF1ab",28,0.25,"0:12:0:6993",4,"Nsp6","Nsp3-Nsp4-Nsp6 complex involved in viral replication"
"401",11355,"ORF1ab",3,0.5,"0:7002:0:3",2,"Nsp6","Nsp3-Nsp4-Nsp6 complex involved in viral replication"
"402",11410,"ORF1ab",7,0.333333333333333,"7:0:6998:0",3,"Nsp6","Nsp3-Nsp4-Nsp6 complex involved in viral replication"
"403",11417,"ORF1ab",32,0.333333333333333,"0:0:6981:23",3,"Nsp6","Nsp3-Nsp4-Nsp6 complex involved in viral replication"
"404",11471,"ORF1ab",3,0.5,"0:7002:0:3",2,"Nsp6","Nsp3-Nsp4-Nsp6 complex involved in viral replication"
"405",11522,"ORF1ab",2,0.5,"0:0:2:7002",2,"Nsp6","Nsp3-Nsp4-Nsp6 complex involved in viral replication"
"406",11535,"ORF1ab",11,0.125,"0:0:6993:9",8,"Nsp6","Nsp3-Nsp4-Nsp6 complex involved in viral replication"
"407",11557,"ORF1ab",3,0.666666666666667,"1:0:7001:2",3,"Nsp6","Nsp3-Nsp4-Nsp6 complex involved in viral replication"
"408",11572,"ORF1ab",4,0.25,"0:7000:0:4",4,"Nsp6","Nsp3-Nsp4-Nsp6 complex involved in viral replication"
"409",11671,"ORF1ab",2,0.5,"0:7003:0:2",2,"Nsp6","Nsp3-Nsp4-Nsp6 complex involved in viral replication"
"410",11674,"ORF1ab",5,0.333333333333333,"0:7000:0:5",3,"Nsp6","Nsp3-Nsp4-Nsp6 complex involved in viral replication"
"411",11704,"ORF1ab",9,0.166666666666667,"0:6996:0:9",6,"Nsp6","Nsp3-Nsp4-Nsp6 complex involved in viral replication"
"412",11747,"ORF1ab",2,0.5,"0:7001:0:2",2,"Nsp6","Nsp3-Nsp4-Nsp6 complex involved in viral replication"
"413",11750,"ORF1ab",3,0.5,"0:7002:0:3",2,"Nsp6","Nsp3-Nsp4-Nsp6 complex involved in viral replication"
"414",11781,"ORF1ab",3,0.5,"7002:0:3:0",2,"Nsp6","Nsp3-Nsp4-Nsp6 complex involved in viral replication"
"415",11782,"ORF1ab",2,0.5,"7003:0:2:0",2,"Nsp6","Nsp3-Nsp4-Nsp6 complex involved in viral replication"
"416",11801,"ORF1ab",13,0.5,"13:0:6991:0",2,"Nsp6","Nsp3-Nsp4-Nsp6 complex involved in viral replication"
"417",11824,"ORF1ab",3,0.5,"0:7002:0:3",2,"Nsp6","Nsp3-Nsp4-Nsp6 complex involved in viral replication"
"418",11916,"ORF1ab",120,0.2,"0:6889:0:114",5,"Nsp7","Nsp7-Nsp8 complex is part of RNA polymerase"
"419",11956,"ORF1ab",3,0.5,"0:7002:0:3",2,"Nsp7","Nsp7-Nsp8 complex is part of RNA polymerase"
"420",11962,"ORF1ab",6,0.2,"0:6999:0:6",5,"Nsp7","Nsp7-Nsp8 complex is part of RNA polymerase"
"421",12025,"ORF1ab",2,0.5,"0:7003:0:2",2,"Nsp7","Nsp7-Nsp8 complex is part of RNA polymerase"
"422",12068,"ORF1ab",6,0.666666666666667,"0:6999:1:5",3,"Nsp7","Nsp7-Nsp8 complex is part of RNA polymerase"
"423",12071,"ORF1ab",2,0.5,"2:0:7003:0",2,"Nsp7","Nsp7-Nsp8 complex is part of RNA polymerase"
"424",12076,"ORF1ab",2,0.5,"0:7003:0:2",2,"Nsp7","Nsp7-Nsp8 complex is part of RNA polymerase"
"425",12111,"ORF1ab",2,0.5,"2:0:7003:0",2,"Nsp8","Nsp7-Nsp8 complex is part of RNA polymerase"
"426",12138,"ORF1ab",5,0.5,"0:7000:0:5",2,"Nsp8","Nsp7-Nsp8 complex is part of RNA polymerase"
"427",12153,"ORF1ab",3,0.333333333333333,"0:7002:0:3",3,"Nsp8","Nsp7-Nsp8 complex is part of RNA polymerase"
"428",12242,"ORF1ab",3,0.333333333333333,"0:7002:0:3",3,"Nsp8","Nsp7-Nsp8 complex is part of RNA polymerase"
"429",12357,"ORF1ab",2,0.5,"0:7003:0:2",2,"Nsp8","Nsp7-Nsp8 complex is part of RNA polymerase"
"430",12415,"ORF1ab",2,0.5,"0:7003:0:2",2,"Nsp8","Nsp7-Nsp8 complex is part of RNA polymerase"
"431",12473,"ORF1ab",4,0.333333333333333,"0:7001:0:4",3,"Nsp8","Nsp7-Nsp8 complex is part of RNA polymerase"
"432",12513,"ORF1ab",2,0.5,"0:7002:0:2",2,"Nsp8","Nsp7-Nsp8 complex is part of RNA polymerase"
"433",12525,"ORF1ab",2,0.5,"0:7003:0:2",2,"Nsp8","Nsp7-Nsp8 complex is part of RNA polymerase"
"434",12621,"ORF1ab",7,0.333333333333333,"0:6996:0:7",3,"Nsp8","Nsp7-Nsp8 complex is part of RNA polymerase"
"435",12651,"ORF1ab",3,0.5,"0:7002:0:3",2,"Nsp8","Nsp7-Nsp8 complex is part of RNA polymerase"
"436",12756,"ORF1ab",3,0.5,"0:7002:0:3",2,"Nsp9","ssRNA binding"
"437",12778,"ORF1ab",5,0.666666666666667,"2:7000:0:3",3,"Nsp9","ssRNA binding"
"438",12781,"ORF1ab",13,0.25,"0:6994:0:11",4,"Nsp9","ssRNA binding"
"439",12809,"ORF1ab",2,0.5,"0:7003:0:2",2,"Nsp9","ssRNA binding"
"440",12832,"ORF1ab",3,0.666666666666667,"2:0:7002:1",3,"Nsp9","ssRNA binding"
"441",12854,"ORF1ab",2,0.5,"0:7003:0:2",2,"Nsp9","ssRNA binding"
"442",12880,"ORF1ab",17,0.111111111111111,"0:6988:0:17",9,"Nsp9","ssRNA binding"
"443",12896,"ORF1ab",3,0.5,"0:7002:0:3",2,"Nsp9","ssRNA binding"
"444",12970,"ORF1ab",2,0.5,"0:7003:0:2",2,"Nsp9","ssRNA binding"
"445",13019,"ORF1ab",4,0.333333333333333,"0:7001:0:4",3,"Nsp9","ssRNA binding"
"446",13119,"ORF1ab",8,0.5,"0:6997:0:8",2,"Nsp11","Short peptide"
"447",13212,"ORF1ab",3,0.666666666666667,"1:2:0:7002",3,"Nsp11","Short peptide"
"448",13402,"ORF1ab",51,0.0454545454545455,"0:0:48:6953",22,"Nsp11","Short peptide"
"449",13408,"ORF1ab",10,0.3,"2:6:2:6991",10,"Nsp11","Short peptide"
"450",13501,"ORF1ab",4,0.333333333333333,"0:6995:0:4",3,"Nsp12","RNA polymerase"
"451",13512,"ORF1ab",6,0.333333333333333,"6990:0:0:6",3,"Nsp12","RNA polymerase"
"452",13513,"ORF1ab",6,0.333333333333333,"0:0:6990:6",3,"Nsp12","RNA polymerase"
"453",13514,"ORF1ab",5,0.333333333333333,"5:0:6991:0",3,"Nsp12","RNA polymerase"
"454",13517,"ORF1ab",2,0.5,"0:6995:0:2",2,"Nsp12","RNA polymerase"
"455",13548,"ORF1ab",3,0.5,"0:6987:0:3",2,"Nsp12","RNA polymerase"
"456",13568,"ORF1ab",2,0.5,"0:6990:0:2",2,"Nsp12","RNA polymerase"
"457",13571,"ORF1ab",5,0.333333333333333,"0:0:6979:4",3,"Nsp12","RNA polymerase"
"458",13686,"ORF1ab",3,0.5,"3:0:0:7000",2,"Nsp12","RNA polymerase"
"459",13687,"ORF1ab",4,0.333333333333333,"0:0:6998:4",3,"Nsp12","RNA polymerase"
"460",13693,"ORF1ab",4,0.333333333333333,"7001:0:0:4",3,"Nsp12","RNA polymerase"
"461",13694,"ORF1ab",4,0.5,"0:7001:0:4",2,"Nsp12","RNA polymerase"
"462",13712,"ORF1ab",2,0.5,"7001:0:2:0",2,"Nsp12","RNA polymerase"
"463",13730,"ORF1ab",55,0.5,"0:6956:0:49",2,"Nsp12","RNA polymerase"
"464",13740,"ORF1ab",3,0.5,"0:7002:0:3",2,"Nsp12","RNA polymerase"
"465",13822,"ORF1ab",2,0.5,"2:0:7003:0",2,"Nsp12","RNA polymerase"
"466",13860,"ORF1ab",2,0.5,"0:7002:0:2",2,"Nsp12","RNA polymerase"
"467",13929,"ORF1ab",17,0.5,"0:16:0:6989",2,"Nsp12","RNA polymerase"
"468",13947,"ORF1ab",11,0.25,"6994:0:0:11",4,"Nsp12","RNA polymerase"
"469",13966,"ORF1ab",2,0.5,"2:0:7003:0",2,"Nsp12","RNA polymerase"
"470",14120,"ORF1ab",2,0.5,"0:7003:0:2",2,"Nsp12","RNA polymerase"
"471",14122,"ORF1ab",2,0.5,"0:0:7003:2",2,"Nsp12","RNA polymerase"
"472",14184,"ORF1ab",8,0.333333333333333,"0:6997:0:8",3,"Nsp12","RNA polymerase"
"473",14262,"ORF1ab",2,0.5,"0:7003:0:2",2,"Nsp12","RNA polymerase"
"474",14270,"ORF1ab",2,0.5,"7003:2:0:0",2,"Nsp12","RNA polymerase"
"475",14277,"ORF1ab",4,0.333333333333333,"0:0:7000:3",3,"Nsp12","RNA polymerase"
"476",14313,"ORF1ab",2,0.5,"0:2:0:7003",2,"Nsp12","RNA polymerase"
"477",14343,"ORF1ab",2,0.5,"0:2:0:7003",2,"Nsp12","RNA polymerase"
"478",14391,"ORF1ab",2,0.5,"0:7003:0:2",2,"Nsp12","RNA polymerase"
"479",14407,"ORF1ab",3,0.5,"0:7002:0:3",2,"Nsp12","RNA polymerase"
"480",14408,"ORF1ab",3068,0.1,"0:2827:0:4161",10,"Nsp12","RNA polymerase"
"481",14422,"ORF1ab",2,0.5,"0:7003:0:2",2,"Nsp12","RNA polymerase"
"482",14580,"ORF1ab",5,0.333333333333333,"0:0:7000:5",3,"Nsp12","RNA polymerase"
"483",14585,"ORF1ab",4,0.5,"0:7001:0:4",2,"Nsp12","RNA polymerase"
"484",14604,"ORF1ab",2,0.5,"7002:0:2:0",2,"Nsp12","RNA polymerase"
"485",14645,"ORF1ab",2,0.5,"0:7000:0:2",2,"Nsp12","RNA polymerase"
"486",14688,"ORF1ab",2,0.5,"0:7001:0:2",2,"Nsp12","RNA polymerase"
"487",14697,"ORF1ab",2,0.5,"0:7001:0:2",2,"Nsp12","RNA polymerase"
"488",14708,"ORF1ab",3,0.5,"0:7001:0:3",2,"Nsp12","RNA polymerase"
"489",14712,"ORF1ab",4,0.666666666666667,"3:0:7000:1",3,"Nsp12","RNA polymerase"
"490",14724,"ORF1ab",19,0.2,"0:6985:0:17",5,"Nsp12","RNA polymerase"
"491",14741,"ORF1ab",9,0.5,"0:6995:0:9",2,"Nsp12","RNA polymerase"
"492",14747,"ORF1ab",12,0.333333333333333,"6995:0:9:0",3,"Nsp12","RNA polymerase"
"493",14768,"ORF1ab",2,0.5,"0:7002:0:2",2,"Nsp12","RNA polymerase"
"494",14786,"ORF1ab",61,0.166666666666667,"0:6940:0:61",6,"Nsp12","RNA polymerase"
"495",14805,"ORF1ab",940,0.142857142857143,"0:6105:0:874",7,"Nsp12","RNA polymerase"
"496",14821,"ORF1ab",2,0.5,"0:7002:0:2",2,"Nsp12","RNA polymerase"
"497",14877,"ORF1ab",7,0.333333333333333,"0:6997:0:7",3,"Nsp12","RNA polymerase"
"498",14912,"ORF1ab",11,0.5,"6993:0:11:0",2,"Nsp12","RNA polymerase"
"499",14925,"ORF1ab",12,0.2,"0:6991:0:12",5,"Nsp12","RNA polymerase"
"500",14937,"ORF1ab",4,0.5,"0:7000:0:4",2,"Nsp12","RNA polymerase"
"501",15216,"ORF1ab",4,0.5,"0:7001:0:4",2,"Nsp12","RNA polymerase"
"502",15237,"ORF1ab",3,0.5,"0:7000:0:3",2,"Nsp12","RNA polymerase"
"503",15240,"ORF1ab",6,0.333333333333333,"0:6998:0:6",3,"Nsp12","RNA polymerase"
"504",15277,"ORF1ab",18,0.5,"0:6988:0:17",2,"Nsp12","RNA polymerase"
"505",15324,"ORF1ab",234,0.125,"0:6776:0:224",8,"Nsp12","RNA polymerase"
"506",15327,"ORF1ab",2,0.5,"0:0:7002:2",2,"Nsp12","RNA polymerase"
"507",15371,"ORF1ab",3,0.5,"0:7002:0:3",2,"Nsp12","RNA polymerase"
"508",15380,"ORF1ab",5,0.5,"0:0:6999:5",2,"Nsp12","RNA polymerase"
"509",15438,"ORF1ab",5,0.5,"0:0:7000:5",2,"Nsp12","RNA polymerase"
"510",15480,"ORF1ab",3,0.333333333333333,"0:7002:0:3",3,"Nsp12","RNA polymerase"
"511",15543,"ORF1ab",2,0.5,"0:0:7003:2",2,"Nsp12","RNA polymerase"
"512",15654,"ORF1ab",4,0.5,"0:7003:0:2",2,"Nsp12","RNA polymerase"
"513",15720,"ORF1ab",9,0.142857142857143,"0:6996:0:9",7,"Nsp12","RNA polymerase"
"514",15738,"ORF1ab",4,0.25,"0:6998:0:4",4,"Nsp12","RNA polymerase"
"515",15752,"ORF1ab",2,0.5,"0:7003:0:2",2,"Nsp12","RNA polymerase"
"516",15760,"ORF1ab",17,0.25,"16:0:6989:0",4,"Nsp12","RNA polymerase"
"517",15763,"ORF1ab",5,0.333333333333333,"0:7000:0:5",3,"Nsp12","RNA polymerase"
"518",15857,"ORF1ab",3,0.333333333333333,"0:7000:0:3",3,"Nsp12","RNA polymerase"
"519",15927,"ORF1ab",12,0.5,"0:0:12:6993",2,"Nsp12","RNA polymerase"
"520",15928,"ORF1ab",2,0.5,"0:7003:0:2",2,"Nsp12","RNA polymerase"
"521",15952,"ORF1ab",2,0.5,"0:7003:0:2",2,"Nsp12","RNA polymerase"
"522",15960,"ORF1ab",12,0.333333333333333,"0:6993:0:12",3,"Nsp12","RNA polymerase"
"523",16075,"ORF1ab",4,0.5,"0:0:7001:4",2,"Nsp12","RNA polymerase"
"524",16111,"ORF1ab",4,0.5,"0:7001:0:4",2,"Nsp12","RNA polymerase"
"525",16260,"ORF1ab",15,0.25,"0:6990:0:15",4,"NC","NC"
"526",16289,"ORF1ab",47,0.5,"0:6966:0:39",2,"NC","NC"
"527",16293,"ORF1ab",2,0.5,"0:7003:0:2",2,"NC","NC"
"528",16329,"ORF1ab",8,0.2,"0:6997:0:8",5,"NC","NC"
"529",16381,"ORF1ab",27,0.5,"22:0:6983:0",2,"NC","NC"
"530",16393,"ORF1ab",2,0.5,"0:7003:0:2",2,"NC","NC"
"531",16396,"ORF1ab",3,0.5,"0:0:7002:3",2,"NC","NC"
"532",16428,"ORF1ab",8,0.333333333333333,"0:6997:0:8",3,"NC","NC"
"533",16457,"ORF1ab",2,0.5,"0:7003:0:2",2,"NC","NC"
"534",16466,"ORF1ab",3,0.5,"0:6999:0:3",2,"NC","NC"
"535",16467,"ORF1ab",6,0.5,"6999:0:6:0",2,"NC","NC"
"536",16468,"ORF1ab",4,0.333333333333333,"0:7000:0:4",3,"NC","NC"
"537",16474,"ORF1ab",2,0.5,"7002:0:2:0",2,"NC","NC"
"538",16575,"ORF1ab",2,0.5,"0:6993:0:2",2,"NC","NC"
"539",16616,"ORF1ab",2,0.5,"0:6993:0:2",2,"NC","NC"
"540",16741,"ORF1ab",2,0.5,"0:0:6994:2",2,"NC","NC"
"541",16750,"ORF1ab",2,0.5,"0:6994:0:2",2,"NC","NC"
"542",16762,"ORF1ab",24,0.333333333333333,"0:6977:0:23",3,"NC","NC"
"543",16846,"ORF1ab",2,0.5,"0:0:7003:2",2,"NC","NC"
"544",16852,"ORF1ab",3,0.333333333333333,"0:0:7002:3",3,"NC","NC"
"545",16887,"ORF1ab",30,0.0625,"0:6975:0:30",16,"NC","NC"
"546",16912,"ORF1ab",12,0.25,"0:0:6993:12",4,"NC","NC"
"547",16949,"ORF1ab",3,0.5,"0:7000:0:3",2,"NC","NC"
"548",17002,"ORF1ab",2,0.5,"0:7003:0:2",2,"NC","NC"
"549",17014,"ORF1ab",2,0.5,"0:0:7003:2",2,"NC","NC"
"550",17104,"ORF1ab",9,0.5,"0:6995:0:9",2,"NC","NC"
"551",17118,"ORF1ab",4,0.25,"0:7001:0:4",4,"NC","NC"
"552",17193,"ORF1ab",6,0.333333333333333,"0:0:6999:6",3,"NC","NC"
"553",17247,"ORF1ab",330,0.2,"0:302:0:6700",5,"NC","NC"
"554",17278,"ORF1ab",4,0.5,"0:0:7001:4",2,"NC","NC"
"555",17285,"ORF1ab",2,0.5,"0:7003:0:2",2,"NC","NC"
"556",17304,"ORF1ab",7,0.25,"0:6998:0:7",4,"NC","NC"
"557",17326,"ORF1ab",4,0.5,"0:7001:0:4",2,"NC","NC"
"558",17338,"ORF1ab",2,0.5,"0:0:7003:2",2,"NC","NC"
"559",17339,"ORF1ab",2,0.5,"0:7003:0:2",2,"NC","NC"
"560",17372,"ORF1ab",2,0.5,"0:7003:0:2",2,"NC","NC"
"561",17373,"ORF1ab",11,0.5,"0:6994:0:11",2,"NC","NC"
"562",17375,"ORF1ab",2,0.5,"0:7003:0:2",2,"NC","NC"
"563",17403,"ORF1ab",2,0.5,"0:7003:0:2",2,"NC","NC"
"564",17410,"ORF1ab",61,0.333333333333333,"0:6958:0:47",3,"NC","NC"
"565",17430,"ORF1ab",2,0.5,"0:7003:0:2",2,"NC","NC"
"566",17474,"ORF1ab",4,0.5,"0:7001:0:4",2,"NC","NC"
"567",17502,"ORF1ab",4,0.5,"0:7001:0:4",2,"NC","NC"
"568",17550,"ORF1ab",3,0.333333333333333,"0:6991:0:3",3,"NC","NC"
"569",17615,"ORF1ab",3,0.5,"6983:0:3:0",2,"NC","NC"
"570",17639,"ORF1ab",10,0.333333333333333,"0:6977:0:10",3,"NC","NC"
"571",17676,"ORF1ab",2,0.5,"0:6985:0:2",2,"NC","NC"
"572",17679,"ORF1ab",2,0.5,"0:0:6985:2",2,"NC","NC"
"573",17690,"ORF1ab",24,0.5,"0:6967:0:19",2,"NC","NC"
"574",17733,"ORF1ab",3,0.5,"0:6984:0:3",2,"NC","NC"
"575",17746,"ORF1ab",2,0.5,"0:6985:0:2",2,"NC","NC"
"576",17747,"ORF1ab",701,0.166666666666667,"0:6340:0:645",6,"NC","NC"
"577",17766,"ORF1ab",4,0.25,"0:6988:0:4",4,"NC","NC"
"578",17799,"ORF1ab",13,0.333333333333333,"6992:0:13:0",3,"NC","NC"
"579",17825,"ORF1ab",3,0.5,"0:7002:0:3",2,"NC","NC"
"580",17858,"ORF1ab",718,0.333333333333333,"6348:0:657:0",3,"NC","NC"
"581",17884,"ORF1ab",4,0.5,"7001:0:4:0",2,"NC","NC"
"582",17944,"ORF1ab",13,0.5,"0:0:6994:11",2,"NC","NC"
"583",18029,"ORF1ab",3,0.333333333333333,"0:7001:0:3",3,"NC","NC"
"584",18060,"ORF1ab",727,0.142857142857143,"0:6336:0:665",7,"NC","NC"
"585",18086,"ORF1ab",6,0.666666666666667,"1:6998:0:5",3,"NC","NC"
"586",18149,"ORF1ab",2,0.5,"0:0:7003:2",2,"NC","NC"
"587",18214,"ORF1ab",3,0.5,"0:0:7002:3",2,"NC","NC"
"588",18255,"ORF1ab",3,0.5,"0:0:7002:3",2,"NC","NC"
"589",18261,"ORF1ab",2,0.5,"0:7003:0:2",2,"NC","NC"
"590",18312,"ORF1ab",2,0.5,"0:7003:0:2",2,"NC","NC"
"591",18348,"ORF1ab",7,0.666666666666667,"1:6996:0:6",3,"NC","NC"
"592",18395,"ORF1ab",2,0.5,"0:7002:0:2",2,"NC","NC"
"593",18401,"ORF1ab",3,0.5,"0:7001:0:3",2,"NC","NC"
"594",18457,"ORF1ab",3,0.5,"0:7001:0:3",2,"NC","NC"
"595",18486,"ORF1ab",3,0.333333333333333,"0:7001:0:3",3,"NC","NC"
"596",18488,"ORF1ab",5,0.5,"0:5:0:7000",2,"NC","NC"
"597",18501,"ORF1ab",2,0.5,"0:7002:0:2",2,"NC","NC"
"598",18508,"ORF1ab",3,0.5,"0:7002:0:3",2,"NC","NC"
"599",18546,"ORF1ab",2,0.5,"0:0:7003:2",2,"NC","NC"
"600",18555,"ORF1ab",2,0.5,"0:7003:0:2",2,"NC","NC"
"601",18568,"ORF1ab",7,0.25,"0:6998:0:7",4,"NC","NC"
"602",18570,"ORF1ab",4,0.333333333333333,"0:7001:0:4",3,"NC","NC"
"603",18603,"ORF1ab",3,0.333333333333333,"0:3:0:7001",3,"NC","NC"
"604",18647,"ORF1ab",6,0.5,"0:6999:0:6",2,"NC","NC"
"605",18651,"ORF1ab",5,0.5,"1:0:6999:4",4,"NC","NC"
"606",18652,"ORF1ab",9,0.5,"0:6996:0:9",2,"NC","NC"
"607",18656,"ORF1ab",9,0.333333333333333,"0:6996:0:9",3,"NC","NC"
"608",18710,"ORF1ab",2,0.5,"7003:0:2:0",2,"NC","NC"
"609",18713,"ORF1ab",14,0.5,"0:6995:0:10",2,"NC","NC"
"610",18744,"ORF1ab",7,0.5,"0:6998:0:6",2,"NC","NC"
"611",18756,"ORF1ab",17,0.333333333333333,"2:0:6988:14",6,"NC","NC"
"612",18762,"ORF1ab",2,0.5,"0:0:7003:2",2,"NC","NC"
"613",18768,"ORF1ab",2,0.5,"0:2:0:7003",2,"NC","NC"
"614",18788,"ORF1ab",15,0.2,"0:6994:0:10",5,"NC","NC"
"615",18828,"ORF1ab",4,0.333333333333333,"0:7000:0:4",3,"NC","NC"
"616",18877,"ORF1ab",169,0.2,"0:6856:0:149",5,"NC","NC"
"617",18894,"ORF1ab",2,0.5,"0:7003:0:2",2,"NC","NC"
"618",18907,"ORF1ab",2,0.5,"0:0:7002:2",2,"NC","NC"
"619",18928,"ORF1ab",13,0.5,"0:6992:0:13",2,"NC","NC"
"620",18985,"ORF1ab",2,0.5,"0:0:7001:2",2,"NC","NC"
"621",18996,"ORF1ab",2,0.5,"0:2:0:7000",2,"NC","NC"
"622",18998,"ORF1ab",94,0.5,"0:6914:0:88",2,"NC","NC"
"623",19011,"ORF1ab",5,0.5,"1:6999:0:4",4,"NC","NC"
"624",19017,"ORF1ab",3,0.333333333333333,"0:7002:0:3",3,"NC","NC"
"625",19018,"ORF1ab",4,0.333333333333333,"0:7001:0:4",3,"NC","NC"
"626",19072,"ORF1ab",4,0.25,"0:0:7001:4",4,"NC","NC"
"627",19101,"ORF1ab",2,0.5,"0:0:7002:2",2,"NC","NC"
"628",19151,"ORF1ab",2,0.5,"0:7002:0:2",2,"NC","NC"
"629",19170,"ORF1ab",20,0.5,"0:6984:0:20",2,"NC","NC"
"630",19203,"ORF1ab",2,0.5,"0:2:0:7001",2,"NC","NC"
"631",19263,"ORF1ab",3,0.5,"0:7000:0:3",2,"NC","NC"
"632",19264,"ORF1ab",4,0.333333333333333,"0:6999:0:4",3,"NC","NC"
"633",19269,"ORF1ab",2,0.5,"0:7001:0:2",2,"NC","NC"
"634",19273,"ORF1ab",2,0.5,"0:6999:0:2",2,"NC","NC"
"635",19299,"ORF1ab",3,0.5,"0:0:3:6762",2,"NC","NC"
"636",19366,"ORF1ab",4,0.333333333333333,"0:6721:0:4",3,"NC","NC"
"637",19402,"ORF1ab",2,0.5,"0:6721:0:2",2,"NC","NC"
"638",19484,"ORF1ab",8,0.166666666666667,"0:6666:0:8",6,"NC","NC"
"639",19488,"ORF1ab",7,0.5,"0:6736:0:7",2,"NC","NC"
"640",19518,"ORF1ab",7,0.5,"0:0:6695:5",2,"NC","NC"
"641",19524,"ORF1ab",9,0.5,"0:6675:0:8",2,"NC","NC"
"642",19542,"ORF1ab",2,0.5,"0:0:6665:2",2,"NC","NC"
"643",19645,"ORF1ab",4,0.5,"0:0:6840:4",2,"NC","NC"
"644",19656,"ORF1ab",2,0.5,"0:0:6845:2",2,"NC","NC"
"645",19684,"ORF1ab",42,0.25,"0:0:6812:42",4,"NC","NC"
"646",19735,"ORF1ab",2,0.5,"0:0:6862:2",2,"NC","NC"
"647",19813,"ORF1ab",2,0.5,"0:6892:0:2",2,"NC","NC"
"648",19814,"ORF1ab",2,0.5,"0:6888:0:2",2,"NC","NC"
"649",19862,"ORF1ab",5,0.5,"0:6953:0:5",2,"NC","NC"
"650",19884,"ORF1ab",5,0.5,"0:6954:0:5",2,"NC","NC"
"651",19961,"ORF1ab",5,0.5,"3:6915:0:2",4,"NC","NC"
"652",19999,"ORF1ab",6,0.333333333333333,"0:0:6916:6",3,"NC","NC"
"653",20016,"ORF1ab",2,0.5,"0:6897:0:2",2,"NC","NC"
"654",20031,"ORF1ab",14,0.666666666666667,"13:6880:0:1",3,"NC","NC"
"655",20047,"ORF1ab",3,0.5,"6929:0:3:0",2,"NC","NC"
"656",20064,"ORF1ab",3,0.5,"0:3:0:6923",2,"NC","NC"
"657",20126,"ORF1ab",2,0.5,"2:0:6916:0",2,"NC","NC"
"658",20132,"ORF1ab",4,0.5,"0:6910:0:4",2,"NC","NC"
"659",20148,"ORF1ab",10,0.166666666666667,"0:6898:0:10",6,"NC","NC"
"660",20178,"ORF1ab",3,0.333333333333333,"0:6871:0:3",3,"NC","NC"
"661",20233,"ORF1ab",2,0.5,"0:6950:0:2",2,"NC","NC"
"662",20268,"ORF1ab",293,0.333333333333333,"6705:0:251:0",3,"NC","NC"
"663",20275,"ORF1ab",24,0.666666666666667,"16:0:6938:3",3,"NC","NC"
"664",20320,"ORF1ab",2,0.5,"0:6964:0:2",2,"NC","NC"
"665",20356,"ORF1ab",2,0.5,"0:0:6967:2",2,"NC","NC"
"666",20398,"ORF1ab",3,0.5,"3:0:6970:0",2,"NC","NC"
"667",20419,"ORF1ab",3,0.5,"0:0:6969:3",2,"NC","NC"
"668",20553,"ORF1ab",6,0.5,"6994:0:6:0",2,"NC","NC"
"669",20555,"ORF1ab",3,0.333333333333333,"0:6998:0:3",3,"NC","NC"
"670",20580,"ORF1ab",4,0.666666666666667,"1:0:6996:3",3,"NC","NC"
"671",20629,"ORF1ab",2,0.5,"0:7000:0:2",2,"NC","NC"
"672",20703,"ORF1ab",4,0.25,"0:6998:0:4",4,"NC","NC"
"673",20719,"ORF1ab",2,0.5,"0:7000:0:2",2,"NC","NC"
"674",20736,"ORF1ab",4,0.5,"0:6999:0:4",2,"NC","NC"
"675",20755,"ORF1ab",30,0.2,"6974:27:0:0",5,"NC","NC"
"676",20759,"ORF1ab",2,0.5,"0:7001:0:2",2,"NC","NC"
"677",20762,"ORF1ab",4,0.25,"0:6999:0:4",4,"NC","NC"
"678",20766,"ORF1ab",5,0.5,"6998:0:5:0",2,"NC","NC"
"679",20823,"ORF1ab",5,0.333333333333333,"0:6999:0:5",3,"NC","NC"
"680",20887,"ORF1ab",4,0.5,"4:0:6999:0",2,"NC","NC"
"681",20931,"ORF1ab",10,0.5,"0:0:6995:10",2,"NC","NC"
"682",20936,"ORF1ab",2,0.5,"0:7003:0:2",2,"NC","NC"
"683",20995,"ORF1ab",4,0.5,"0:0:7001:4",2,"NC","NC"
"684",21123,"ORF1ab",3,0.333333333333333,"0:0:7001:3",3,"NC","NC"
"685",21137,"ORF1ab",11,0.111111111111111,"6991:0:11:0",9,"NC","NC"
"686",21146,"ORF1ab",6,0.333333333333333,"6:0:0:6986",3,"NC","NC"
"687",21151,"ORF1ab",3,0.5,"0:0:6991:3",2,"NC","NC"
"688",21158,"ORF1ab",3,0.5,"0:3:0:6992",2,"NC","NC"
"689",21204,"ORF1ab",12,0.333333333333333,"0:0:6975:12",3,"NC","NC"
"690",21255,"ORF1ab",8,0.5,"1:6:6979:1",6,"NC","NC"
"691",21359,"ORF1ab",2,0.5,"0:6996:0:2",2,"NC","NC"
"692",21386,"ORF1ab",2,0.5,"0:6997:0:2",2,"NC","NC"
"693",21452,"ORF1ab",5,0.333333333333333,"0:0:6939:5",3,"NC","NC"
"694",21538,"ORF1ab",3,0.5,"0:0:6945:3",2,"NC","NC"
"695",21552,"ORF1ab",3,0.5,"0:6954:0:3",2,"NC","NC"
"696",21575,"S",44,0.0454545454545455,"0:6910:0:42",22,"S","Spike protein, mediates binding to ACE2"
"697",21587,"S",2,0.5,"0:6962:0:2",2,"S","Spike protein, mediates binding to ACE2"
"698",21595,"S",2,0.5,"0:6973:0:2",2,"S","Spike protein, mediates binding to ACE2"
"699",21614,"S",4,0.333333333333333,"0:6972:0:4",3,"S","Spike protein, mediates binding to ACE2"
"700",21622,"S",5,0.5,"1:6970:0:4",4,"S","Spike protein, mediates binding to ACE2"
"701",21624,"S",3,0.5,"0:0:6974:3",2,"S","Spike protein, mediates binding to ACE2"
"702",21627,"S",3,0.5,"0:6972:0:3",2,"S","Spike protein, mediates binding to ACE2"
"703",21641,"S",3,0.5,"0:0:6976:3",2,"S","Spike protein, mediates binding to ACE2"
"704",21642,"S",3,0.333333333333333,"0:6977:0:3",3,"S","Spike protein, mediates binding to ACE2"
"705",21643,"S",2,0.5,"6977:2:0:0",2,"S","Spike protein, mediates binding to ACE2"
"706",21646,"S",3,0.5,"0:6978:0:3",2,"S","Spike protein, mediates binding to ACE2"
"707",21648,"S",11,0.2,"0:6971:0:11",5,"S","Spike protein, mediates binding to ACE2"
"708",21658,"S",3,0.5,"0:6976:0:3",2,"S","Spike protein, mediates binding to ACE2"
"709",21676,"S",2,0.5,"0:7000:0:2",2,"S","Spike protein, mediates binding to ACE2"
"710",21697,"S",3,0.5,"0:6999:0:3",2,"S","Spike protein, mediates binding to ACE2"
"711",21707,"S",13,0.333333333333333,"0:6988:0:13",3,"S","Spike protein, mediates binding to ACE2"
"712",21711,"S",7,0.2,"0:6996:0:7",5,"S","Spike protein, mediates binding to ACE2"
"713",21721,"S",2,0.5,"0:7002:0:2",2,"S","Spike protein, mediates binding to ACE2"
"714",21724,"S",9,0.5,"0:1:6994:8",4,"S","Spike protein, mediates binding to ACE2"
"715",21727,"S",2,0.5,"0:7002:0:2",2,"S","Spike protein, mediates binding to ACE2"
"716",21742,"S",3,0.333333333333333,"0:6999:0:3",3,"S","Spike protein, mediates binding to ACE2"
"717",21772,"S",3,0.333333333333333,"0:7000:0:3",3,"S","Spike protein, mediates binding to ACE2"
"718",21776,"S",2,0.5,"0:0:7001:2",2,"S","Spike protein, mediates binding to ACE2"
"719",21789,"S",3,0.333333333333333,"0:7001:0:3",3,"S","Spike protein, mediates binding to ACE2"
"720",21830,"S",4,0.25,"0:0:7001:4",4,"S","Spike protein, mediates binding to ACE2"
"721",21846,"S",3,0.5,"0:7002:0:3",2,"S","Spike protein, mediates binding to ACE2"
"722",21855,"S",4,0.25,"0:7001:0:4",4,"S","Spike protein, mediates binding to ACE2"
"723",21859,"S",2,0.5,"0:7003:0:2",2,"S","Spike protein, mediates binding to ACE2"
"724",21910,"S",3,0.5,"0:7002:0:3",2,"S","Spike protein, mediates binding to ACE2"
"725",21911,"S",2,0.5,"0:7003:0:2",2,"S","Spike protein, mediates binding to ACE2"
"726",21974,"S",9,0.5,"0:6:6991:3",4,"S","Spike protein, mediates binding to ACE2"
"727",21998,"S",3,0.5,"0:6998:0:3",2,"S","Spike protein, mediates binding to ACE2"
"728",22020,"S",3,0.5,"0:3:0:6999",2,"S","Spike protein, mediates binding to ACE2"
"729",22088,"S",3,0.5,"0:6997:0:3",2,"S","Spike protein, mediates binding to ACE2"
"730",22104,"S",3,0.5,"0:0:6992:3",2,"S","Spike protein, mediates binding to ACE2"
"731",22180,"S",2,0.5,"2:0:6994:0",2,"S","Spike protein, mediates binding to ACE2"
"732",22203,"S",2,0.5,"0:0:6995:2",2,"S","Spike protein, mediates binding to ACE2"
"733",22205,"S",2,0.5,"0:2:6993:0",2,"S","Spike protein, mediates binding to ACE2"
"734",22224,"S",5,0.666666666666667,"0:6994:1:4",3,"S","Spike protein, mediates binding to ACE2"
"735",22225,"S",5,0.4,"2:0:6994:3",5,"S","Spike protein, mediates binding to ACE2"
"736",22323,"S",6,0.25,"0:6990:0:6",4,"S","Spike protein, mediates binding to ACE2"
"737",22326,"S",4,0.333333333333333,"0:6980:0:4",3,"S","Spike protein, mediates binding to ACE2"
"738",22335,"S",3,0.333333333333333,"0:0:6948:3",3,"S","Spike protein, mediates binding to ACE2"
"739",22351,"S",2,0.5,"6686:0:0:2",2,"S","Spike protein, mediates binding to ACE2"
"740",22432,"S",4,0.5,"0:6698:0:4",2,"S","Spike protein, mediates binding to ACE2"
"741",22444,"S",3,0.5,"0:6624:0:3",2,"S","Spike protein, mediates binding to ACE2"
"742",22468,"S",6,0.25,"0:0:6644:6",4,"S","Spike protein, mediates binding to ACE2"
"743",22487,"S",2,0.5,"0:2:6660:0",2,"S","Spike protein, mediates binding to ACE2"
"744",22661,"S",14,0.166666666666667,"0:0:6975:13",6,"S","Spike protein, mediates binding to ACE2"
"745",22802,"S",9,0.142857142857143,"0:6978:9:0",7,"S","Spike protein, mediates binding to ACE2"
"746",22875,"S",2,0.5,"0:7002:0:2",2,"S","Spike protein, mediates binding to ACE2"
"747",22899,"S",2,0.5,"0:0:6972:2",2,"S","Spike protein, mediates binding to ACE2"
"748",22984,"S",10,0.2,"10:0:6969:0",5,"S","Spike protein, mediates binding to ACE2"
"749",22988,"S",9,0.25,"9:0:6970:0",4,"S","Spike protein, mediates binding to ACE2"
"750",23010,"S",23,0.166666666666667,"0:23:0:6956",6,"S","Spike protein, mediates binding to ACE2"
"751",23086,"S",11,0.5,"0:6950:0:11",2,"S","Spike protein, mediates binding to ACE2"
"752",23116,"S",3,0.333333333333333,"6956:0:0:3",3,"S","Spike protein, mediates binding to ACE2"
"753",23126,"S",4,0.333333333333333,"0:0:6974:4",3,"S","Spike protein, mediates binding to ACE2"
"754",23127,"S",3,0.333333333333333,"0:6978:0:3",3,"S","Spike protein, mediates binding to ACE2"
"755",23185,"S",8,0.333333333333333,"0:6995:0:8",3,"S","Spike protein, mediates binding to ACE2"
"756",23191,"S",4,0.333333333333333,"0:7000:0:4",3,"S","Spike protein, mediates binding to ACE2"
"757",23202,"S",2,0.5,"0:7002:0:2",2,"S","Spike protein, mediates binding to ACE2"
"758",23248,"S",4,0.5,"0:7000:0:4",2,"S","Spike protein, mediates binding to ACE2"
"759",23311,"S",2,0.5,"0:0:7002:2",2,"S","Spike protein, mediates binding to ACE2"
"760",23403,"S",3040,0.166666666666667,"2799:0:4184:0",6,"S","Spike protein, mediates binding to ACE2"
"761",23422,"S",20,0.25,"0:6987:0:18",4,"S","Spike protein, mediates binding to ACE2"
"762",23426,"S",2,0.5,"2:0:7003:0",2,"S","Spike protein, mediates binding to ACE2"
"763",23430,"S",2,0.5,"0:7003:0:2",2,"S","Spike protein, mediates binding to ACE2"
"764",23525,"S",7,0.166666666666667,"0:6996:0:7",6,"S","Spike protein, mediates binding to ACE2"
"765",23533,"S",9,0.333333333333333,"0:6996:0:9",3,"S","Spike protein, mediates binding to ACE2"
"766",23557,"S",3,0.333333333333333,"0:7001:0:3",3,"S","Spike protein, mediates binding to ACE2"
"767",23587,"S",16,0.666666666666667,"0:12:6990:3",3,"S","Spike protein, mediates binding to ACE2"
"768",23593,"S",6,0.4,"1:0:6997:5",5,"S","Spike protein, mediates binding to ACE2"
"769",23628,"S",2,0.5,"0:0:7003:2",2,"S","Spike protein, mediates binding to ACE2"
"770",23638,"S",2,0.5,"0:7002:0:2",2,"S","Spike protein, mediates binding to ACE2"
"771",23670,"S",2,0.5,"7003:0:2:0",2,"S","Spike protein, mediates binding to ACE2"
"772",23673,"S",5,0.5,"0:7000:0:5",2,"S","Spike protein, mediates binding to ACE2"
"773",23707,"S",22,0.5,"0:6983:0:22",2,"S","Spike protein, mediates binding to ACE2"
"774",23709,"S",2,0.5,"0:7003:0:2",2,"S","Spike protein, mediates binding to ACE2"
"775",23731,"S",77,0.5,"0:6934:0:70",2,"S","Spike protein, mediates binding to ACE2"
"776",23856,"S",9,0.5,"4:0:6994:5",4,"S","Spike protein, mediates binding to ACE2"
"777",23868,"S",2,0.5,"0:0:7002:2",2,"S","Spike protein, mediates binding to ACE2"
"778",23929,"S",50,0.5,"0:6959:0:44",2,"S","Spike protein, mediates binding to ACE2"
"779",23934,"S",6,0.5,"0:6997:0:6",2,"S","Spike protein, mediates binding to ACE2"
"780",23996,"S",2,0.5,"0:7001:0:2",2,"S","Spike protein, mediates binding to ACE2"
"781",24023,"S",4,0.666666666666667,"1:7000:0:3",3,"S","Spike protein, mediates binding to ACE2"
"782",24034,"S",90,0.2,"0:6917:0:85",5,"S","Spike protein, mediates binding to ACE2"
"783",24054,"S",27,0.5,"0:6980:0:24",2,"S","Spike protein, mediates binding to ACE2"
"784",24095,"S",5,0.333333333333333,"0:0:6999:5",3,"S","Spike protein, mediates binding to ACE2"
"785",24099,"S",6,0.5,"0:6999:0:6",2,"S","Spike protein, mediates binding to ACE2"
"786",24130,"S",2,0.5,"0:7000:0:2",2,"S","Spike protein, mediates binding to ACE2"
"787",24133,"S",2,0.5,"0:7000:0:2",2,"S","Spike protein, mediates binding to ACE2"
"788",24193,"S",4,0.5,"0:0:6997:4",2,"S","Spike protein, mediates binding to ACE2"
"789",24348,"S",2,0.5,"0:0:7003:2",2,"S","Spike protein, mediates binding to ACE2"
"790",24368,"S",32,0.666666666666667,"0:1:6974:30",3,"S","Spike protein, mediates binding to ACE2"
"791",24370,"S",3,0.333333333333333,"0:7002:0:3",3,"S","Spike protein, mediates binding to ACE2"
"792",24372,"S",2,0.5,"0:7003:0:2",2,"S","Spike protein, mediates binding to ACE2"
"793",24374,"S",3,0.333333333333333,"0:7002:0:3",3,"S","Spike protein, mediates binding to ACE2"
"794",24378,"S",7,0.2,"0:6997:0:7",5,"S","Spike protein, mediates binding to ACE2"
"795",24381,"S",3,0.5,"0:7002:0:3",2,"S","Spike protein, mediates binding to ACE2"
"796",24382,"S",2,0.5,"0:7003:0:2",2,"S","Spike protein, mediates binding to ACE2"
"797",24383,"S",2,0.5,"7002:0:2:0",2,"S","Spike protein, mediates binding to ACE2"
"798",24389,"S",22,0.333333333333333,"6982:22:0:0",3,"S","Spike protein, mediates binding to ACE2"
"799",24390,"S",23,0.25,"0:23:6981:0",4,"S","Spike protein, mediates binding to ACE2"
"800",24436,"S",2,0.5,"0:2:0:7001",2,"S","Spike protein, mediates binding to ACE2"
"801",24694,"S",84,0.333333333333333,"6922:0:0:83",3,"S","Spike protein, mediates binding to ACE2"
"802",24794,"S",7,0.25,"0:0:6998:7",4,"S","Spike protein, mediates binding to ACE2"
"803",24844,"S",3,0.5,"0:7001:0:3",2,"S","Spike protein, mediates binding to ACE2"
"804",24862,"S",64,0.5,"6959:0:46:0",2,"S","Spike protein, mediates binding to ACE2"
"805",24863,"S",2,0.5,"0:7003:0:2",2,"S","Spike protein, mediates binding to ACE2"
"806",24904,"S",4,0.333333333333333,"0:7001:0:4",3,"S","Spike protein, mediates binding to ACE2"
"807",24928,"S",2,0.5,"0:0:7003:2",2,"S","Spike protein, mediates binding to ACE2"
"808",24933,"S",30,0.0526315789473684,"0:0:6963:29",19,"S","Spike protein, mediates binding to ACE2"
"809",24964,"S",4,0.5,"0:7001:0:4",2,"S","Spike protein, mediates binding to ACE2"
"810",24990,"S",3,0.5,"0:7002:0:3",2,"S","Spike protein, mediates binding to ACE2"
"811",25000,"S",3,0.666666666666667,"1:7000:0:2",3,"S","Spike protein, mediates binding to ACE2"
"812",25002,"S",3,0.333333333333333,"0:7000:0:3",3,"S","Spike protein, mediates binding to ACE2"
"813",25006,"S",2,0.5,"0:7001:0:2",2,"S","Spike protein, mediates binding to ACE2"
"814",25047,"S",4,0.5,"0:7001:0:4",2,"S","Spike protein, mediates binding to ACE2"
"815",25051,"S",2,0.5,"0:2:0:7003",2,"S","Spike protein, mediates binding to ACE2"
"816",25060,"S",2,0.5,"7002:0:2:0",2,"S","Spike protein, mediates binding to ACE2"
"817",25088,"S",2,0.5,"0:0:7002:2",2,"S","Spike protein, mediates binding to ACE2"
"818",25135,"S",3,0.333333333333333,"0:0:7001:3",3,"S","Spike protein, mediates binding to ACE2"
"819",25207,"S",6,0.2,"0:6997:0:6",5,"S","Spike protein, mediates binding to ACE2"
"820",25214,"S",6,0.333333333333333,"0:6998:0:6",3,"S","Spike protein, mediates binding to ACE2"
"821",25218,"S",2,0.5,"0:0:7002:2",2,"S","Spike protein, mediates binding to ACE2"
"822",25249,"S",6,0.333333333333333,"0:0:6999:6",3,"S","Spike protein, mediates binding to ACE2"
"823",25273,"S",5,0.666666666666667,"0:2:7000:3",3,"S","Spike protein, mediates binding to ACE2"
"824",25302,"S",4,0.25,"0:0:7001:4",4,"S","Spike protein, mediates binding to ACE2"
"825",25317,"S",2,0.5,"0:7003:0:2",2,"S","Spike protein, mediates binding to ACE2"
"826",25339,"S",4,0.333333333333333,"0:7001:0:4",3,"S","Spike protein, mediates binding to ACE2"
"827",25340,"S",5,0.5,"5:0:7000:0",2,"S","Spike protein, mediates binding to ACE2"
"828",25352,"S",2,0.5,"0:0:7003:2",2,"S","Spike protein, mediates binding to ACE2"
"829",25433,"ORF3a",23,0.5,"0:6987:0:17",2,"ORF3a","Activates the NLRP3 inflammasome"
"830",25469,"ORF3a",2,0.5,"0:7001:0:2",2,"ORF3a","Activates the NLRP3 inflammasome"
"831",25473,"ORF3a",5,0.5,"0:5:0:6998",2,"ORF3a","Activates the NLRP3 inflammasome"
"832",25480,"ORF3a",2,0.5,"0:7001:0:2",2,"ORF3a","Activates the NLRP3 inflammasome"
"833",25483,"ORF3a",6,0.5,"5:0:6998:0",2,"ORF3a","Activates the NLRP3 inflammasome"
"834",25494,"ORF3a",9,0.333333333333333,"0:0:6992:9",3,"ORF3a","Activates the NLRP3 inflammasome"
"835",25500,"ORF3a",25,0.666666666666667,"2:0:6983:18",3,"ORF3a","Activates the NLRP3 inflammasome"
"836",25511,"ORF3a",2,0.5,"0:6999:0:2",2,"ORF3a","Activates the NLRP3 inflammasome"
"837",25521,"ORF3a",4,0.25,"0:6999:0:4",4,"ORF3a","Activates the NLRP3 inflammasome"
"838",25539,"ORF3a",2,0.5,"0:7001:0:2",2,"ORF3a","Activates the NLRP3 inflammasome"
"839",25549,"ORF3a",3,0.5,"0:7000:0:3",2,"ORF3a","Activates the NLRP3 inflammasome"
"840",25553,"ORF3a",2,0.5,"0:7001:0:2",2,"ORF3a","Activates the NLRP3 inflammasome"
"841",25563,"ORF3a",1829,0.181818181818182,"0:1:5335:1660",11,"ORF3a","Activates the NLRP3 inflammasome"
"842",25572,"ORF3a",16,0.5,"0:6988:0:16",2,"ORF3a","Activates the NLRP3 inflammasome"
"843",25584,"ORF3a",2,0.5,"0:7002:0:2",2,"ORF3a","Activates the NLRP3 inflammasome"
"844",25587,"ORF3a",4,0.333333333333333,"0:6999:0:4",3,"ORF3a","Activates the NLRP3 inflammasome"
"845",25593,"ORF3a",13,0.5,"0:8:6990:4",4,"ORF3a","Activates the NLRP3 inflammasome"
"846",25603,"ORF3a",2,0.5,"0:7002:0:2",2,"ORF3a","Activates the NLRP3 inflammasome"
"847",25606,"ORF3a",2,0.5,"0:0:7000:2",2,"ORF3a","Activates the NLRP3 inflammasome"
"848",25612,"ORF3a",2,0.5,"0:0:2:7003",2,"ORF3a","Activates the NLRP3 inflammasome"
"849",25614,"ORF3a",2,0.5,"0:7003:0:2",2,"ORF3a","Activates the NLRP3 inflammasome"
"850",25624,"ORF3a",3,0.333333333333333,"0:7002:0:3",3,"ORF3a","Activates the NLRP3 inflammasome"
"851",25658,"ORF3a",2,0.5,"0:6996:0:2",2,"ORF3a","Activates the NLRP3 inflammasome"
"852",25672,"ORF3a",3,0.666666666666667,"1:6997:0:2",3,"ORF3a","Activates the NLRP3 inflammasome"
"853",25677,"ORF3a",2,0.5,"0:0:6998:2",2,"ORF3a","Activates the NLRP3 inflammasome"
"854",25687,"ORF3a",3,0.666666666666667,"1:0:6997:2",3,"ORF3a","Activates the NLRP3 inflammasome"
"855",25688,"ORF3a",58,0.666666666666667,"2:6944:0:54",3,"ORF3a","Activates the NLRP3 inflammasome"
"856",25690,"ORF3a",3,0.333333333333333,"0:0:6996:3",3,"ORF3a","Activates the NLRP3 inflammasome"
"857",25710,"ORF3a",3,0.333333333333333,"0:6993:0:3",3,"ORF3a","Activates the NLRP3 inflammasome"
"858",25728,"ORF3a",2,0.5,"0:6996:0:2",2,"ORF3a","Activates the NLRP3 inflammasome"
"859",25731,"ORF3a",3,0.5,"0:6995:0:3",2,"ORF3a","Activates the NLRP3 inflammasome"
"860",25767,"ORF3a",4,0.666666666666667,"0:2:6991:2",3,"ORF3a","Activates the NLRP3 inflammasome"
"861",25782,"ORF3a",6,0.333333333333333,"0:6989:0:6",3,"ORF3a","Activates the NLRP3 inflammasome"
"862",25844,"ORF3a",3,0.333333333333333,"0:6991:0:3",3,"ORF3a","Activates the NLRP3 inflammasome"
"863",25855,"ORF3a",3,0.333333333333333,"0:0:6991:3",3,"ORF3a","Activates the NLRP3 inflammasome"
"864",25904,"ORF3a",8,0.25,"0:6991:0:7",4,"ORF3a","Activates the NLRP3 inflammasome"
"865",25906,"ORF3a",2,0.5,"0:0:6996:2",2,"ORF3a","Activates the NLRP3 inflammasome"
"866",25916,"ORF3a",11,0.25,"0:6985:0:11",4,"ORF3a","Activates the NLRP3 inflammasome"
"867",25947,"ORF3a",11,0.4,"1:0:6993:10",5,"ORF3a","Activates the NLRP3 inflammasome"
"868",25979,"ORF3a",139,0.5,"0:0:6891:113",2,"ORF3a","Activates the NLRP3 inflammasome"
"869",26013,"ORF3a",4,0.333333333333333,"0:7001:0:4",3,"ORF3a","Activates the NLRP3 inflammasome"
"870",26028,"ORF3a",5,0.333333333333333,"0:6999:0:5",3,"ORF3a","Activates the NLRP3 inflammasome"
"871",26029,"ORF3a",5,0.333333333333333,"5:6999:0:0",3,"ORF3a","Activates the NLRP3 inflammasome"
"872",26045,"ORF3a",3,0.5,"7001:0:3:0",2,"ORF3a","Activates the NLRP3 inflammasome"
"873",26062,"ORF3a",2,0.5,"0:0:7002:2",2,"ORF3a","Activates the NLRP3 inflammasome"
"874",26124,"ORF3a",10,0.5,"0:6994:0:10",2,"ORF3a","Activates the NLRP3 inflammasome"
"875",26144,"ORF3a",874,0.25,"0:0:6155:832",4,"ORF3a","Activates the NLRP3 inflammasome"
"876",26152,"ORF3a",11,0.4,"10:0:6994:1",5,"ORF3a","Activates the NLRP3 inflammasome"
"877",26211,"ORF3a",10,0.333333333333333,"0:0:6994:8",3,"ORF3a","Activates the NLRP3 inflammasome"
"878",26256,"E",4,0.333333333333333,"0:6999:0:4",3,"E","Envelope protein, involved in virus morphogenesis and assembly"
"879",26326,"E",5,0.333333333333333,"0:6998:0:5",3,"E","Envelope protein, involved in virus morphogenesis and assembly"
"880",26340,"E",7,0.5,"0:6999:0:4",2,"E","Envelope protein, involved in virus morphogenesis and assembly"
"881",26408,"E",2,0.5,"0:6998:0:2",2,"E","Envelope protein, involved in virus morphogenesis and assembly"
"882",26433,"E",8,0.333333333333333,"6994:0:8:0",3,"E","Envelope protein, involved in virus morphogenesis and assembly"
"883",26447,"E",3,0.333333333333333,"0:7000:0:3",3,"E","Envelope protein, involved in virus morphogenesis and assembly"
"884",26461,"E",9,0.2,"0:6993:0:9",5,"E","Envelope protein, involved in virus morphogenesis and assembly"
"885",26464,"E",4,0.25,"0:6998:0:4",4,"E","Envelope protein, involved in virus morphogenesis and assembly"
"886",26529,"M",2,0.5,"0:0:7002:2",2,"M","Membrane glycoprotein, predominant component of the envelope"
"887",26530,"M",87,0.25,"6904:0:87:0",4,"M","Membrane glycoprotein, predominant component of the envelope"
"888",26625,"M",11,0.5,"0:6993:0:11",2,"M","Membrane glycoprotein, predominant component of the envelope"
"889",26640,"M",6,0.333333333333333,"0:0:6998:6",3,"M","Membrane glycoprotein, predominant component of the envelope"
"890",26642,"M",2,0.5,"0:7001:0:2",2,"M","Membrane glycoprotein, predominant component of the envelope"
"891",26677,"M",2,0.5,"0:2:0:7003",2,"M","Membrane glycoprotein, predominant component of the envelope"
"892",26681,"M",8,0.166666666666667,"0:6997:0:8",6,"M","Membrane glycoprotein, predominant component of the envelope"
"893",26729,"M",80,0.333333333333333,"0:75:0:6928",3,"M","Membrane glycoprotein, predominant component of the envelope"
"894",26730,"M",11,0.5,"9:0:6993:2",4,"M","Membrane glycoprotein, predominant component of the envelope"
"895",26735,"M",20,0.333333333333333,"0:6982:0:20",3,"M","Membrane glycoprotein, predominant component of the envelope"
"896",26763,"M",2,0.5,"0:0:7001:2",2,"M","Membrane glycoprotein, predominant component of the envelope"
"897",26781,"M",2,0.5,"0:7003:0:2",2,"M","Membrane glycoprotein, predominant component of the envelope"
"898",26801,"M",6,0.666666666666667,"0:6992:5:1",3,"M","Membrane glycoprotein, predominant component of the envelope"
"899",26840,"M",2,0.5,"0:0:7003:2",2,"M","Membrane glycoprotein, predominant component of the envelope"
"900",26873,"M",2,0.5,"0:7003:0:2",2,"M","Membrane glycoprotein, predominant component of the envelope"
"901",26882,"M",3,0.333333333333333,"0:7001:0:3",3,"M","Membrane glycoprotein, predominant component of the envelope"
"902",26894,"M",2,0.5,"0:7002:0:2",2,"M","Membrane glycoprotein, predominant component of the envelope"
"903",26895,"M",2,0.5,"0:7001:0:2",2,"M","Membrane glycoprotein, predominant component of the envelope"
"904",26907,"M",2,0.5,"0:7003:0:2",2,"M","Membrane glycoprotein, predominant component of the envelope"
"905",26936,"M",12,0.5,"0:6993:0:12",2,"M","Membrane glycoprotein, predominant component of the envelope"
"906",26951,"M",6,0.25,"0:0:6998:6",4,"M","Membrane glycoprotein, predominant component of the envelope"
"907",27005,"M",13,0.2,"0:6991:0:12",5,"M","Membrane glycoprotein, predominant component of the envelope"
"908",27046,"M",238,0.2,"0:6796:0:201",5,"M","Membrane glycoprotein, predominant component of the envelope"
"909",27056,"M",2,0.5,"0:2:0:7002",2,"M","Membrane glycoprotein, predominant component of the envelope"
"910",27092,"M",2,0.5,"0:7001:0:2",2,"M","Membrane glycoprotein, predominant component of the envelope"
"911",27128,"M",2,0.5,"0:7002:0:2",2,"M","Membrane glycoprotein, predominant component of the envelope"
"912",27131,"M",2,0.5,"0:7001:0:2",2,"M","Membrane glycoprotein, predominant component of the envelope"
"913",27147,"M",7,0.666666666666667,"0:6:6997:1",3,"M","Membrane glycoprotein, predominant component of the envelope"
"914",27163,"M",4,0.5,"0:0:7000:4",2,"M","Membrane glycoprotein, predominant component of the envelope"
"915",27208,"ORF6",3,0.5,"0:7000:0:3",2,"ORF6","Type I IFN antagonist"
"916",27213,"ORF6",6,0.166666666666667,"0:6999:0:6",6,"ORF6","Type I IFN antagonist"
"917",27214,"ORF6",3,0.333333333333333,"0:0:7002:3",3,"ORF6","Type I IFN antagonist"
"918",27261,"ORF6",5,0.5,"0:0:6998:5",2,"ORF6","Type I IFN antagonist"
"919",27263,"ORF6",2,0.5,"0:7001:0:2",2,"ORF6","Type I IFN antagonist"
"920",27299,"ORF6",14,0.5,"0:14:0:6986",2,"ORF6","Type I IFN antagonist"
"921",27327,"ORF6",9,0.333333333333333,"0:0:6991:9",3,"ORF6","Type I IFN antagonist"
"922",27382,"ORF6",5,0.4,"0:2:6998:3",5,"ORF6","Type I IFN antagonist"
"923",27383,"ORF6",2,0.5,"7002:0:0:2",2,"ORF6","Type I IFN antagonist"
"924",27384,"ORF6",33,0.0769230769230769,"0:33:0:6967",13,"ORF6","Type I IFN antagonist"
"925",27393,"NC",2,0.5,"0:7003:0:2",2,"NC","NC"
"926",27430,"ORF7a",7,0.5,"6:0:6997:0",2,"ORF7a","Virus-induced apoptosis"
"927",27476,"ORF7a",5,0.25,"0:6999:0:5",4,"ORF7a","Virus-induced apoptosis"
"928",27478,"ORF7a",2,0.5,"0:0:7002:2",2,"ORF7a","Virus-induced apoptosis"
"929",27506,"ORF7a",4,0.666666666666667,"0:1:7001:3",3,"ORF7a","Virus-induced apoptosis"
"930",27513,"ORF7a",3,0.5,"0:6999:0:3",2,"ORF7a","Virus-induced apoptosis"
"931",27525,"ORF7a",12,0.25,"6986:0:12:0",4,"ORF7a","Virus-induced apoptosis"
"932",27532,"ORF7a",3,0.333333333333333,"0:6978:0:3",3,"ORF7a","Virus-induced apoptosis"
"933",27549,"ORF7a",2,0.5,"0:6979:0:2",2,"ORF7a","Virus-induced apoptosis"
"934",27561,"ORF7a",2,0.5,"0:0:6974:2",2,"ORF7a","Virus-induced apoptosis"
"935",27577,"ORF7a",4,0.333333333333333,"0:6974:0:4",3,"ORF7a","Virus-induced apoptosis"
"936",27593,"ORF7a",2,0.5,"0:0:6973:2",2,"ORF7a","Virus-induced apoptosis"
"937",27604,"ORF7a",2,0.5,"2:0:6975:0",2,"ORF7a","Virus-induced apoptosis"
"938",27618,"ORF7a",2,0.5,"0:2:0:6968",2,"ORF7a","Virus-induced apoptosis"
"939",27630,"ORF7a",2,0.5,"0:6968:0:2",2,"ORF7a","Virus-induced apoptosis"
"940",27635,"ORF7a",42,0.5,"0:6926:0:42",2,"ORF7a","Virus-induced apoptosis"
"941",27644,"ORF7a",2,0.5,"0:6968:0:2",2,"ORF7a","Virus-induced apoptosis"
"942",27670,"ORF7a",3,0.5,"0:0:6974:3",2,"ORF7a","Virus-induced apoptosis"
"943",27679,"ORF7a",12,0.5,"0:6961:0:12",2,"ORF7a","Virus-induced apoptosis"
"944",27684,"ORF7a",2,0.5,"0:6971:0:2",2,"ORF7a","Virus-induced apoptosis"
"945",27688,"ORF7a",4,0.333333333333333,"0:6966:0:4",3,"ORF7a","Virus-induced apoptosis"
"946",27703,"ORF7a",4,0.25,"0:0:6966:4",4,"ORF7a","Virus-induced apoptosis"
"947",27754,"ORF7a",2,0.5,"0:0:6977:2",2,"ORF7a","Virus-induced apoptosis"
"948",27804,"ORF7b",6,0.166666666666667,"0:6997:0:6",6,"ORF7b",""
"949",27807,"ORF7b",2,0.5,"0:7001:0:2",2,"ORF7b",""
"950",27877,"ORF7b",3,0.666666666666667,"0:1:6988:2",3,"ORF7b",""
"951",27919,"ORF8",2,0.5,"0:2:0:6988",2,"ORF8",""
"952",27920,"ORF8",3,0.5,"0:6989:0:3",2,"ORF8",""
"953",27925,"ORF8",2,0.5,"0:6989:0:2",2,"ORF8",""
"954",27964,"ORF8",110,0.2,"0:6886:0:105",5,"ORF8",""
"955",27999,"ORF8",3,0.333333333333333,"0:6988:0:3",3,"ORF8",""
"956",28001,"ORF8",5,0.25,"0:0:6984:5",4,"ORF8",""
"957",28005,"ORF8",2,0.5,"0:6988:0:2",2,"ORF8",""
"958",28077,"ORF8",98,0.285714285714286,"0:81:6895:12",7,"ORF8",""
"959",28086,"ORF8",7,0.25,"0:0:6982:7",4,"ORF8",""
"960",28093,"ORF8",4,0.25,"0:6982:0:4",4,"ORF8",""
"961",28144,"ORF8",1143,0.25,"0:1037:0:5950",4,"ORF8",""
"962",28151,"ORF8",2,0.5,"0:2:0:6990",2,"ORF8",""
"963",28233,"ORF8",6,0.666666666666667,"4:0:6997:2",3,"ORF8",""
"964",28253,"ORF8",8,0.428571428571429,"1:6988:2:5",7,"ORF8",""
"965",28300,"N",3,0.333333333333333,"0:0:7002:3",3,"N","Nucleocapsid phosphoprotein, binds to RNA genome"
"966",28310,"N",4,0.5,"1:7001:0:3",4,"N","Nucleocapsid phosphoprotein, binds to RNA genome"
"967",28311,"N",115,0.25,"0:6910:0:95",4,"N","Nucleocapsid phosphoprotein, binds to RNA genome"
"968",28315,"N",2,0.5,"0:7002:0:2",2,"N","Nucleocapsid phosphoprotein, binds to RNA genome"
"969",28337,"N",2,0.5,"0:0:7003:2",2,"N","Nucleocapsid phosphoprotein, binds to RNA genome"
"970",28344,"N",19,0.5,"17:6985:0:2",4,"N","Nucleocapsid phosphoprotein, binds to RNA genome"
"971",28373,"N",3,0.333333333333333,"0:0:7002:3",3,"N","Nucleocapsid phosphoprotein, binds to RNA genome"
"972",28377,"N",2,0.5,"0:7002:0:2",2,"N","Nucleocapsid phosphoprotein, binds to RNA genome"
"973",28378,"N",8,0.25,"0:0:6996:8",4,"N","Nucleocapsid phosphoprotein, binds to RNA genome"
"974",28380,"N",3,0.5,"0:0:7002:3",2,"N","Nucleocapsid phosphoprotein, binds to RNA genome"
"975",28399,"N",2,0.5,"0:7003:0:2",2,"N","Nucleocapsid phosphoprotein, binds to RNA genome"
"976",28432,"N",2,0.5,"0:7003:0:2",2,"N","Nucleocapsid phosphoprotein, binds to RNA genome"
"977",28472,"N",2,0.5,"0:7002:0:2",2,"N","Nucleocapsid phosphoprotein, binds to RNA genome"
"978",28517,"N",2,0.5,"0:0:7001:2",2,"N","Nucleocapsid phosphoprotein, binds to RNA genome"
"979",28580,"N",26,0.5,"0:0:6984:20",2,"N","Nucleocapsid phosphoprotein, binds to RNA genome"
"980",28603,"N",2,0.5,"0:7003:0:2",2,"N","Nucleocapsid phosphoprotein, binds to RNA genome"
"981",28606,"N",3,0.333333333333333,"0:7002:0:3",3,"N","Nucleocapsid phosphoprotein, binds to RNA genome"
"982",28655,"N",4,0.25,"0:0:7000:4",4,"N","Nucleocapsid phosphoprotein, binds to RNA genome"
"983",28657,"N",140,0.333333333333333,"0:6890:0:114",3,"N","Nucleocapsid phosphoprotein, binds to RNA genome"
"984",28688,"N",122,0.333333333333333,"0:122:0:6882",3,"N","Nucleocapsid phosphoprotein, binds to RNA genome"
"985",28690,"N",7,0.5,"0:0:6996:7",2,"N","Nucleocapsid phosphoprotein, binds to RNA genome"
"986",28706,"N",3,0.5,"0:7002:0:3",2,"N","Nucleocapsid phosphoprotein, binds to RNA genome"
"987",28708,"N",5,0.5,"0:7000:0:5",2,"N","Nucleocapsid phosphoprotein, binds to RNA genome"
"988",28709,"N",2,0.5,"7003:0:0:2",2,"N","Nucleocapsid phosphoprotein, binds to RNA genome"
"989",28720,"N",4,0.5,"0:6999:0:4",2,"N","Nucleocapsid phosphoprotein, binds to RNA genome"
"990",28727,"N",2,0.5,"0:0:7003:2",2,"N","Nucleocapsid phosphoprotein, binds to RNA genome"
"991",28737,"N",4,0.25,"0:7001:0:4",4,"N","Nucleocapsid phosphoprotein, binds to RNA genome"
"992",28739,"N",13,0.333333333333333,"0:0:6992:13",3,"N","Nucleocapsid phosphoprotein, binds to RNA genome"
"993",28744,"N",2,0.5,"0:7002:0:2",2,"N","Nucleocapsid phosphoprotein, binds to RNA genome"
"994",28785,"N",4,0.5,"0:0:4:7001",2,"N","Nucleocapsid phosphoprotein, binds to RNA genome"
"995",28812,"N",5,0.25,"0:0:6997:5",4,"N","Nucleocapsid phosphoprotein, binds to RNA genome"
"996",28821,"N",14,0.5,"14:6990:0:0",2,"N","Nucleocapsid phosphoprotein, binds to RNA genome"
"997",28826,"N",10,0.142857142857143,"0:6995:0:10",7,"N","Nucleocapsid phosphoprotein, binds to RNA genome"
"998",28827,"N",3,0.5,"0:0:7002:3",2,"N","Nucleocapsid phosphoprotein, binds to RNA genome"
"999",28835,"N",8,0.5,"0:8:0:6997",2,"N","Nucleocapsid phosphoprotein, binds to RNA genome"
"1000",28836,"N",13,0.5,"0:6992:0:13",2,"N","Nucleocapsid phosphoprotein, binds to RNA genome"
"1001",28842,"N",8,0.5,"0:0:6997:8",2,"N","Nucleocapsid phosphoprotein, binds to RNA genome"
"1002",28845,"N",6,0.5,"0:0:7001:4",2,"N","Nucleocapsid phosphoprotein, binds to RNA genome"
"1003",28849,"N",6,0.5,"0:6999:2:4",4,"N","Nucleocapsid phosphoprotein, binds to RNA genome"
"1004",28851,"N",68,0.25,"0:0:6935:68",4,"N","Nucleocapsid phosphoprotein, binds to RNA genome"
"1005",28852,"N",3,0.5,"0:3:0:7002",2,"N","Nucleocapsid phosphoprotein, binds to RNA genome"
"1006",28854,"N",44,0.25,"0:6959:0:44",4,"N","Nucleocapsid phosphoprotein, binds to RNA genome"
"1007",28857,"N",10,0.666666666666667,"7:0:6997:1",3,"N","Nucleocapsid phosphoprotein, binds to RNA genome"
"1008",28866,"N",2,0.5,"0:7002:0:2",2,"N","Nucleocapsid phosphoprotein, binds to RNA genome"
"1009",28868,"N",5,0.4,"1:6998:0:4",5,"N","Nucleocapsid phosphoprotein, binds to RNA genome"
"1010",28878,"N",52,0.666666666666667,"46:0:6957:1",3,"N","Nucleocapsid phosphoprotein, binds to RNA genome"
"1011",28881,"N",1255,0.2,"1139:0:5845:0",5,"N","Nucleocapsid phosphoprotein, binds to RNA genome"
"1012",28882,"N",1251,0.5,"1135:0:5850:0",2,"N","Nucleocapsid phosphoprotein, binds to RNA genome"
"1013",28883,"N",1251,0.5,"0:1135:5850:0",2,"N","Nucleocapsid phosphoprotein, binds to RNA genome"
"1014",28887,"N",24,0.142857142857143,"0:6979:0:24",7,"N","Nucleocapsid phosphoprotein, binds to RNA genome"
"1015",28899,"N",4,0.666666666666667,"1:3:6998:0",3,"N","Nucleocapsid phosphoprotein, binds to RNA genome"
"1016",28924,"N",6,0.5,"0:6:0:6998",2,"N","Nucleocapsid phosphoprotein, binds to RNA genome"
"1017",28930,"N",2,0.5,"0:2:0:7002",2,"N","Nucleocapsid phosphoprotein, binds to RNA genome"
"1018",28985,"N",7,0.25,"0:0:6998:5",4,"N","Nucleocapsid phosphoprotein, binds to RNA genome"
"1019",29000,"N",3,0.5,"0:0:7000:3",2,"N","Nucleocapsid phosphoprotein, binds to RNA genome"
"1020",29037,"N",5,0.2,"0:6997:0:5",5,"N","Nucleocapsid phosphoprotein, binds to RNA genome"
"1021",29077,"N",3,0.5,"0:6991:0:3",2,"N","Nucleocapsid phosphoprotein, binds to RNA genome"
"1022",29085,"N",5,0.333333333333333,"0:6990:0:4",3,"N","Nucleocapsid phosphoprotein, binds to RNA genome"
"1023",29095,"N",29,0.166666666666667,"0:6966:0:28",6,"N","Nucleocapsid phosphoprotein, binds to RNA genome"
"1024",29140,"N",4,0.666666666666667,"0:1:6985:3",3,"N","Nucleocapsid phosphoprotein, binds to RNA genome"
"1025",29144,"N",17,0.5,"0:6980:0:11",2,"N","Nucleocapsid phosphoprotein, binds to RNA genome"
"1026",29149,"N",2,0.5,"0:6989:0:2",2,"N","Nucleocapsid phosphoprotein, binds to RNA genome"
"1027",29167,"N",5,0.333333333333333,"0:6986:0:5",3,"N","Nucleocapsid phosphoprotein, binds to RNA genome"
"1028",29179,"N",3,0.5,"0:0:6985:3",2,"N","Nucleocapsid phosphoprotein, binds to RNA genome"
"1029",29200,"N",4,0.5,"0:6986:0:4",2,"N","Nucleocapsid phosphoprotein, binds to RNA genome"
"1030",29227,"N",4,0.5,"2:0:6989:2",4,"N","Nucleocapsid phosphoprotein, binds to RNA genome"
"1031",29239,"N",5,0.666666666666667,"3:0:6990:2",3,"N","Nucleocapsid phosphoprotein, binds to RNA genome"
"1032",29247,"N",2,0.5,"0:6993:0:2",2,"N","Nucleocapsid phosphoprotein, binds to RNA genome"
"1033",29250,"N",3,0.333333333333333,"0:6991:0:3",3,"N","Nucleocapsid phosphoprotein, binds to RNA genome"
"1034",29253,"N",9,0.142857142857143,"0:6986:0:9",7,"N","Nucleocapsid phosphoprotein, binds to RNA genome"
"1035",29254,"N",8,0.2,"0:0:6989:6",5,"N","Nucleocapsid phosphoprotein, binds to RNA genome"
"1036",29266,"N",2,0.5,"0:0:6994:2",2,"N","Nucleocapsid phosphoprotein, binds to RNA genome"
"1037",29268,"N",2,0.5,"0:6994:0:2",2,"N","Nucleocapsid phosphoprotein, binds to RNA genome"
"1038",29274,"N",3,0.333333333333333,"0:6994:0:3",3,"N","Nucleocapsid phosphoprotein, binds to RNA genome"
"1039",29291,"N",4,0.5,"4:0:6991:0",2,"N","Nucleocapsid phosphoprotein, binds to RNA genome"
"1040",29296,"N",5,0.2,"0:6996:0:5",5,"N","Nucleocapsid phosphoprotein, binds to RNA genome"
"1041",29321,"N",2,0.5,"0:0:7003:2",2,"N","Nucleocapsid phosphoprotein, binds to RNA genome"
"1042",29353,"N",44,0.125,"0:6961:0:44",8,"N","Nucleocapsid phosphoprotein, binds to RNA genome"
"1043",29370,"N",2,0.5,"0:6994:0:2",2,"N","Nucleocapsid phosphoprotein, binds to RNA genome"
"1044",29392,"N",2,0.5,"0:0:6975:2",2,"N","Nucleocapsid phosphoprotein, binds to RNA genome"
"1045",29402,"N",5,0.333333333333333,"0:0:6973:5",3,"N","Nucleocapsid phosphoprotein, binds to RNA genome"
"1046",29405,"N",4,0.666666666666667,"2:2:6973:0",3,"N","Nucleocapsid phosphoprotein, binds to RNA genome"
"1047",29410,"N",4,0.333333333333333,"0:4:0:6976",3,"N","Nucleocapsid phosphoprotein, binds to RNA genome"
"1048",29413,"N",2,0.5,"6976:0:2:0",2,"N","Nucleocapsid phosphoprotein, binds to RNA genome"
"1049",29416,"N",2,0.5,"0:6977:0:2",2,"N","Nucleocapsid phosphoprotein, binds to RNA genome"
"1050",29420,"N",3,0.5,"0:6976:0:3",2,"N","Nucleocapsid phosphoprotein, binds to RNA genome"
"1051",29422,"N",10,0.333333333333333,"1:0:6967:9",6,"N","Nucleocapsid phosphoprotein, binds to RNA genome"
"1052",29425,"N",5,0.666666666666667,"2:0:6974:3",3,"N","Nucleocapsid phosphoprotein, binds to RNA genome"
"1053",29440,"N",3,0.666666666666667,"2:0:6971:1",3,"N","Nucleocapsid phosphoprotein, binds to RNA genome"
"1054",29445,"N",2,0.5,"0:6972:0:2",2,"N","Nucleocapsid phosphoprotein, binds to RNA genome"
"1055",29449,"N",7,0.5,"0:0:6967:7",2,"N","Nucleocapsid phosphoprotein, binds to RNA genome"
"1056",29451,"N",5,0.333333333333333,"0:6970:0:5",3,"N","Nucleocapsid phosphoprotein, binds to RNA genome"
"1057",29477,"N",4,0.25,"0:0:6961:4",4,"N","Nucleocapsid phosphoprotein, binds to RNA genome"
"1058",29518,"N",3,0.333333333333333,"0:6978:0:3",3,"N","Nucleocapsid phosphoprotein, binds to RNA genome"
"1059",29540,"NC",101,0.666666666666667,"89:0:6888:5",3,"NC","NC"
"1060",29541,"NC",4,0.333333333333333,"0:6980:0:4",3,"NC","NC"
"1061",29546,"NC",5,0.666666666666667,"2:6974:0:3",3,"NC","NC"
"1062",29553,"NC",160,0.142857142857143,"160:0:6815:0",7,"NC","NC"
"1063",29585,"ORF10",9,0.333333333333333,"0:6963:0:9",3,"ORF10",""
"1064",29592,"ORF10",2,0.5,"0:6972:0:2",2,"ORF10",""
"1065",29614,"ORF10",7,0.333333333333333,"0:6963:0:7",3,"ORF10",""
"1066",29625,"ORF10",4,0.333333333333333,"0:6968:0:4",3,"ORF10",""
"1067",29627,"ORF10",3,0.5,"0:6970:0:3",2,"ORF10",""
"1068",29628,"ORF10",2,0.5,"0:0:6967:2",2,"ORF10",""
"1069",29635,"ORF10",17,0.5,"0:6956:0:16",2,"ORF10",""
"1070",29640,"ORF10",2,0.5,"0:6964:0:2",2,"ORF10",""
"1071",29666,"ORF10",3,0.5,"0:6947:0:3",2,"ORF10",""
"1072",29670,"ORF10",2,0.5,"0:6949:0:2",2,"ORF10",""
"1073",29686,"NC",15,0.5,"0:6766:0:13",2,"NC","NC"
"1074",29688,"NC",2,0.5,"0:0:6755:2",2,"NC","NC"
"1075",29692,"NC",3,0.5,"0:0:6751:3",2,"NC","NC"
"1076",29700,"NC",72,0.142857142857143,"6668:0:67:0",7,"NC","NC"
"1077",29705,"NC",3,0.333333333333333,"0:0:6724:3",3,"NC","NC"
"1078",29711,"NC",7,0.666666666666667,"0:1:6719:6",3,"NC","NC"
"1079",29732,"NC",8,0.333333333333333,"0:6754:1:7",6,"NC","NC"
"1080",29733,"NC",6,0.4,"1:6754:0:5",5,"NC","NC"
"1081",29734,"NC",55,0.666666666666667,"2:48:6709:0",3,"NC","NC"
"1082",29736,"NC",11,0.333333333333333,"1:0:6748:10",6,"NC","NC"
"1083",29739,"NC",7,0.333333333333333,"0:6751:0:7",3,"NC","NC"
"1084",29742,"NC",163,0.4,"47:0:6603:106",5,"NC","NC"
"1085",29743,"NC",4,0.333333333333333,"0:6751:0:4",3,"NC","NC"
"1086",29751,"NC",15,0.5,"0:12:6732:2",4,"NC","NC"
"1087",29774,"NC",8,0.285714285714286,"1:6675:0:7",7,"NC","NC"
"1088",29779,"NC",8,0.5,"0:1:6633:6",4,"NC","NC"
"1089",29782,"NC",4,0.5,"6522:3:1:0",4,"NC","NC"
"1090",29783,"NC",4,0.333333333333333,"0:0:6521:3",3,"NC","NC"
"1091",29786,"NC",4,0.333333333333333,"0:4:6515:0",3,"NC","NC"
"1092",29834,"NC",3,0.333333333333333,"0:0:3:5749",3,"NC","NC"
"1093",29837,"NC",5,0.5,"3:4598:0:2",4,"NC","NC"
"1094",29838,"NC",6,0.666666666666667,"4:4515:0:2",3,"NC","NC"
"1095",29839,"NC",4,0.5,"4487:0:0:4",2,"NC","NC"
"1096",29841,"NC",2,0.5,"2:0:4470:0",2,"NC","NC"
"1097",29845,"NC",4,0.75,"1:1:2:4189",4,"NC","NC"
"1098",29846,"NC",3,0.333333333333333,"3:0:0:4128",3,"NC","NC"
"1099",29855,"NC",3,0.666666666666667,"0:2:1:3309",3,"NC","NC"
"1100",29857,"NC",3,0.666666666666667,"0:3182:1:2",3,"NC","NC"
"1101",29858,"NC",4,0.5,"0:3:1:3138",4,"NC","NC"
"1102",29859,"NC",5,0.75,"1:3:1:3047",4,"NC","NC"
"1103",29861,"NC",11,0.375,"6:1:2930:2",8,"NC","NC"
"1104",29862,"NC",27,0.166666666666667,"19:3:2867:3",18,"NC","NC"
"1105",29863,"NC",3,0.666666666666667,"2766:2:0:1",3,"NC","NC"
"1106",29864,"NC",32,0.1875,"30:1:2732:1",16,"NC","NC"
"1107",29865,"NC",11,0.222222222222222,"2530:5:5:0",9,"NC","NC"
"1108",29866,"NC",18,0.25,"2518:3:7:4",12,"NC","NC"
"1109",29867,"NC",57,0.142857142857143,"50:3:3:1854",21,"NC","NC"
"1110",29868,"NC",63,0.125,"45:14:1757:3",24,"NC","NC"
"1111",29869,"NC",50,0.107142857142857,"1875:3:7:39",28,"NC","NC"
"1112",29870,"NC",74,0.0357142857142857,"73:2060:0:0",28,"NC","NC"
"1113",29871,"NC",20,0.176470588235294,"2274:12:4:3",17,"NC","NC"
"1114",29872,"NC",75,0.0909090909090909,"2256:0:70:2",22,"NC","NC"
"1115",29873,"NC",18,0.25,"2189:0:15:3",8,"NC","NC"
"1116",29874,"NC",9,0.5,"2154:1:4:2",6,"NC","NC"
"1117",29875,"NC",6,0.5,"2139:0:3:0",2,"NC","NC"
"1118",29876,"NC",7,0.6,"2089:2:2:1",5,"NC","NC"
"1119",29877,"NC",8,0.6,"2059:2:3:1",5,"NC","NC"
"1120",29878,"NC",6,0.333333333333333,"2051:0:3:0",3,"NC","NC"
"1121",29879,"NC",10,0.5,"2041:1:4:0",4,"NC","NC"
"1122",29880,"NC",9,0.5,"2036:1:3:0",4,"NC","NC"
"1123",29881,"NC",5,0.666666666666667,"2030:1:2:0",3,"NC","NC"
"1124",29884,"NC",11,0.25,"1774:0:5:0",4,"NC","NC"
"1125",29885,"NC",10,0.428571428571429,"1766:2:4:1",7,"NC","NC"
"1126",29887,"NC",7,0.5,"1750:2:2:0",4,"NC","NC"
"1127",29889,"NC",6,0.666666666666667,"1694:0:2:1",3,"NC","NC"
"1128",29890,"NC",4,0.333333333333333,"1667:0:3:0",3,"NC","NC"
"1129",29896,"NC",4,0.5,"1411:0:2:0",2,"NC","NC"
"1130",29899,"NC",3,0.5,"1339:0:2:0",2,"NC","NC"
"1131",29900,"NC",4,0.5,"1276:0:2:2",4,"NC","NC"
"1132",29903,"NC",8,0.285714285714286,"1059:2:5:0",7,"NC","NC"
